,profile_name,post_description,profile_url,comments,who_commented
0,BAT Bangladesh," Happy May Day! Today, we celebrate the hard work and dedication of workers within our ecosystem and beyond. Let's continue to strive to build a better tomorrow where all labour is valued and respected. #HappyMayDay #ABetterTomorrow ",https://www.facebook.com/BATBangladeshOfficial/?refid=52&paipv=0&eav=AfaN-Iy_MFS6vBpizs5HnFncoWnQLmrx6TGpgAv90cxERUpNSKrawHgohrLSPHbYKYA,"{""Shakibul Islam Shakib"": ""HAPPY MAY Day‚ù§Ô∏èüåπ"", ""Zakarya Ahmed Almalah"": ""ŸÉŸÑ ÿπÿßŸÖ ŸàÿßŸÜÿ™ŸÖ ÿ®ÿÆŸäÿ± Ÿàÿµÿ≠ÿ© Ÿàÿ≥ŸÑÿßŸÖÿ©""}","{""Shakibul Islam Shakib"": ""https://www.facebook.com/sharier.ayan?eav=AfYNh0dT1S50c5DUg8Y_4CIGXqX-8_gChNOlr1B_DxzqjmaaOUvHNy8-c76uUMUEI5M&rc=p&paipv=0"", ""Zakarya Ahmed Almalah"": ""https://www.facebook.com/profile.php?id=100012900078754&eav=AfZAnzYChR8agYEsaSG7r2LaK_fKhkv6T2VswuaHW-DGsUfhyc0bSe7sUGPLaPOBJMo&rc=p&paipv=0""}"
1,BAT Bangladesh," We believe that everyone deserves equal opportunities, and that's why we're passionate about promoting diversity and inclusion in the workplace and beyond. Celebrating not only the achievement of our female colleagues but their progressive allies as well!  Click the link below to read the full article: ",https://www.facebook.com/BATBangladeshOfficial/?refid=52&paipv=0&eav=AfYszOhHyfDxlEKggplBl_3tKVoaS-rMZJBCMtER8uIxFkbc9RYenWIFlzWvXERDGIk,"{""Shakibul Islam Shakib"": ""HAPPY MAY Day‚ù§Ô∏èüåπ"", ""Zakarya Ahmed Almalah"": ""ŸÉŸÑ ÿπÿßŸÖ ŸàÿßŸÜÿ™ŸÖ ÿ®ÿÆŸäÿ± Ÿàÿµÿ≠ÿ© Ÿàÿ≥ŸÑÿßŸÖÿ©""}","{""Shakibul Islam Shakib"": ""https://www.facebook.com/sharier.ayan?eav=AfYNh0dT1S50c5DUg8Y_4CIGXqX-8_gChNOlr1B_DxzqjmaaOUvHNy8-c76uUMUEI5M&rc=p&paipv=0"", ""Zakarya Ahmed Almalah"": ""https://www.facebook.com/profile.php?id=100012900078754&eav=AfZAnzYChR8agYEsaSG7r2LaK_fKhkv6T2VswuaHW-DGsUfhyc0bSe7sUGPLaPOBJMo&rc=p&paipv=0""}"
2,Shahriar Rimen, ** Recruitment Alert *  Update: I forwarded all the resumes up until 28th of May to the concerned person. They will contact you if you through to the process. We are not taking anymore resume for this opening. Thank you.   BAT Bangladesh is looking for two individuals for (1) Global Graduate - LEX (Legal &  External Affairs) (Circular in the comment) and (2) Global Graduate - Human Resources.   Anyone interested is requested to drop their resume at s.rimen78@gmail.com. kindly mention in the comment if you have anyone in mind too. Thank you! ,https://www.facebook.com/rimenhere?eav=AfYm4_cwWAOg-qKXyL82p5OZaFGqrlMvYRvENHV7egitQQB4qxmTGQ0A4FKGMIgkBik&refid=52&paipv=0,"{""Shakibul Islam Shakib"": ""HAPPY MAY Day‚ù§Ô∏èüåπ"", ""Zakarya Ahmed Almalah"": ""ŸÉŸÑ ÿπÿßŸÖ ŸàÿßŸÜÿ™ŸÖ ÿ®ÿÆŸäÿ± Ÿàÿµÿ≠ÿ© Ÿàÿ≥ŸÑÿßŸÖÿ©"", ""Samiul Hasan Powel"": "" "", ""Farhan Siam Chowdhury"": "" "", ""Sneha Salam"": "" "", ""Raiyaan Ehab Shams"": "" "", ""Nusaiba Juairia Siddiqui"": "" "", ""Lenah Mehzabin"": "" "", ""Amit Golam Mostafa"": "" "", ""Farzin Ahmed"": "" "", ""Yuki Rahman"": "" ""}","{""Shakibul Islam Shakib"": ""https://www.facebook.com/sharier.ayan?eav=AfYNh0dT1S50c5DUg8Y_4CIGXqX-8_gChNOlr1B_DxzqjmaaOUvHNy8-c76uUMUEI5M&rc=p&paipv=0"", ""Zakarya Ahmed Almalah"": ""https://www.facebook.com/profile.php?id=100012900078754&eav=AfZAnzYChR8agYEsaSG7r2LaK_fKhkv6T2VswuaHW-DGsUfhyc0bSe7sUGPLaPOBJMo&rc=p&paipv=0"", ""Samiul Hasan Powel"": ""https://www.facebook.com/samiul.powel.1683?eav=Afaq2dVP8hlEKNVawIuHqZyJ1OFZNAx1iNMpLCiVJoLn8_ZaAR6n7pyb7RQC5xLy1nc&paipv=0"", ""Farhan Siam Chowdhury"": ""https://www.facebook.com/rockmachine22?eav=AfYpRnWcV17qaUW7kZFm-pyROBCyqGMpD4JrLTjxfiopX-1g_qY8RBWv4cxigU5n3jo&paipv=0"", ""Sneha Salam"": ""https://www.facebook.com/sneha.salam.50?eav=AfaTtsVJlRtkfdWaqirCPIopGVepiwxA87skcrjsCgegIZs1P12TGbdlY9xraAxy3BY&paipv=0"", ""Raiyaan Ehab Shams"": ""https://www.facebook.com/profile.php?id=100007360386665&eav=AfZWYSyFbQvo4huM-B9YnTHv1oHblOLioJJUY8sjvxGUSUbAnFTN9omgc62MM5PEDTo&paipv=0"", ""Nusaiba Juairia Siddiqui"": ""https://www.facebook.com/nusaibajuairia.siddiqui.3?eav=AfZ49XQwqwI75d8uB4WZ9PpYLNooTJM0_A7YdUfxiztgdzNBACFdI40GNklVfG9GYBk&paipv=0"", ""Lenah Mehzabin"": ""https://www.facebook.com/prieta.mehzabin?eav=Afanb2x8JxJwj42HEyUfZ8FTgwuINqYwEiu8wCXG6ko-vLud1fFYk8JC8bAxWooWZSk&paipv=0"", ""Amit Golam Mostafa"": ""https://www.facebook.com/Ams3Q?eav=AfbgUp2WJxVHxOmxtbEhJzVgGMDlO35W7LvGB3yFZz-m6ZoLv790KV3R3VBeO1xaHc8&paipv=0"", ""Farzin Ahmed"": ""https://www.facebook.com/fia.farzin?eav=AfYWyo1KsStlTAv2v0HvbkoH0UBHbS2MMlySw_pqatXts2CqQ167FTJIlrf3BVcJox8&paipv=0"", ""Yuki Rahman"": ""https://www.facebook.com/fizah.ailiya?eav=AfaNx0L20w5TkgsofWsOGWd4sFbKgG_7hk5Tqq4qzpEWpfvhfhnuXCB2ebEmmh5QoOA&paipv=0""}"
3,Yousuf Sarkar Sourav, 1.11.2021 To 29.05.2023 Its been great working with BAT Bangladeshü§û now starting my next journey !! Insha Allah üå∏ ,https://www.facebook.com/yousuf.sourav.5?eav=AfY0uUR-U4-vLNmjVKjAUPDGEUKgk_JQWm8f7rFpIW-ubtXBRJZVTMoTVHkBnZpShYQ&refid=52&paipv=0,"{""Shakibul Islam Shakib"": ""HAPPY MAY Day‚ù§Ô∏èüåπ"", ""Zakarya Ahmed Almalah"": ""ŸÉŸÑ ÿπÿßŸÖ ŸàÿßŸÜÿ™ŸÖ ÿ®ÿÆŸäÿ± Ÿàÿµÿ≠ÿ© Ÿàÿ≥ŸÑÿßŸÖÿ©"", ""Samiul Hasan Powel"": "" "", ""Farhan Siam Chowdhury"": "" "", ""Sneha Salam"": "" "", ""Raiyaan Ehab Shams"": "" "", ""Nusaiba Juairia Siddiqui"": "" "", ""Lenah Mehzabin"": "" "", ""Amit Golam Mostafa"": "" "", ""Farzin Ahmed"": "" "", ""Yuki Rahman"": "" "", ""Kadir Sorkar"": "" ""}","{""Shakibul Islam Shakib"": ""https://www.facebook.com/sharier.ayan?eav=AfYNh0dT1S50c5DUg8Y_4CIGXqX-8_gChNOlr1B_DxzqjmaaOUvHNy8-c76uUMUEI5M&rc=p&paipv=0"", ""Zakarya Ahmed Almalah"": ""https://www.facebook.com/profile.php?id=100012900078754&eav=AfZAnzYChR8agYEsaSG7r2LaK_fKhkv6T2VswuaHW-DGsUfhyc0bSe7sUGPLaPOBJMo&rc=p&paipv=0"", ""Samiul Hasan Powel"": ""https://www.facebook.com/samiul.powel.1683?eav=Afaq2dVP8hlEKNVawIuHqZyJ1OFZNAx1iNMpLCiVJoLn8_ZaAR6n7pyb7RQC5xLy1nc&paipv=0"", ""Farhan Siam Chowdhury"": ""https://www.facebook.com/rockmachine22?eav=AfYpRnWcV17qaUW7kZFm-pyROBCyqGMpD4JrLTjxfiopX-1g_qY8RBWv4cxigU5n3jo&paipv=0"", ""Sneha Salam"": ""https://www.facebook.com/sneha.salam.50?eav=AfaTtsVJlRtkfdWaqirCPIopGVepiwxA87skcrjsCgegIZs1P12TGbdlY9xraAxy3BY&paipv=0"", ""Raiyaan Ehab Shams"": ""https://www.facebook.com/profile.php?id=100007360386665&eav=AfZWYSyFbQvo4huM-B9YnTHv1oHblOLioJJUY8sjvxGUSUbAnFTN9omgc62MM5PEDTo&paipv=0"", ""Nusaiba Juairia Siddiqui"": ""https://www.facebook.com/nusaibajuairia.siddiqui.3?eav=AfZ49XQwqwI75d8uB4WZ9PpYLNooTJM0_A7YdUfxiztgdzNBACFdI40GNklVfG9GYBk&paipv=0"", ""Lenah Mehzabin"": ""https://www.facebook.com/prieta.mehzabin?eav=Afanb2x8JxJwj42HEyUfZ8FTgwuINqYwEiu8wCXG6ko-vLud1fFYk8JC8bAxWooWZSk&paipv=0"", ""Amit Golam Mostafa"": ""https://www.facebook.com/Ams3Q?eav=AfbgUp2WJxVHxOmxtbEhJzVgGMDlO35W7LvGB3yFZz-m6ZoLv790KV3R3VBeO1xaHc8&paipv=0"", ""Farzin Ahmed"": ""https://www.facebook.com/fia.farzin?eav=AfYWyo1KsStlTAv2v0HvbkoH0UBHbS2MMlySw_pqatXts2CqQ167FTJIlrf3BVcJox8&paipv=0"", ""Yuki Rahman"": ""https://www.facebook.com/fizah.ailiya?eav=AfaNx0L20w5TkgsofWsOGWd4sFbKgG_7hk5Tqq4qzpEWpfvhfhnuXCB2ebEmmh5QoOA&paipv=0"", ""Kadir Sorkar"": ""https://www.facebook.com/profile.php?id=100010300812521&eav=Afa-wBNUa8yLTswyVoPAVElTyvnB5JR0fcpCcLHr0_WT2mvYFXVwkYXRq5MtIN63TBc&paipv=0""}"
4,Bangladesh Agricultural University Career Club - BAUCC," 'Battle of Minds', is one of the most eminent idea-based competition hosted by BAT Bangladesh, is coming to the Bangladesh Agricultural University to conduct a roadshow. The roadshow will provide an overview of 'Battle of Minds 2023' by distinguished BAT Bangladesh professionals.  Stay tuned to the BAUCC Page for further updates. Ensure your entrance to the roadshow by completing the registration process.  Roadshow Date : 7th June, 2023 Time : 06:30 pm Platform: Microsoft Teams  Registration link for roadshow: https://forms.gle/stQcGicSNqD2Xn8G9  BOM registration link :https://competition.bat-battleofminds.com/  #Battle_of_minds2023 #BAUCC #BAT ",https://www.facebook.com/uniquebaucc2202/?refid=52&paipv=0&eav=AfbBFd63kkhzycyUhQUzeBJQXgEY7CGdh1D0SuOsiP2TR3fLjFEQN9YsB2tXfvvpsyE,"{""Shakibul Islam Shakib"": ""HAPPY MAY Day‚ù§Ô∏èüåπ"", ""Zakarya Ahmed Almalah"": ""ŸÉŸÑ ÿπÿßŸÖ ŸàÿßŸÜÿ™ŸÖ ÿ®ÿÆŸäÿ± Ÿàÿµÿ≠ÿ© Ÿàÿ≥ŸÑÿßŸÖÿ©"", ""Samiul Hasan Powel"": "" "", ""Farhan Siam Chowdhury"": "" "", ""Sneha Salam"": "" "", ""Raiyaan Ehab Shams"": "" "", ""Nusaiba Juairia Siddiqui"": "" "", ""Lenah Mehzabin"": "" "", ""Amit Golam Mostafa"": "" "", ""Farzin Ahmed"": "" "", ""Yuki Rahman"": "" "", ""Kadir Sorkar"": "" ""}","{""Shakibul Islam Shakib"": ""https://www.facebook.com/sharier.ayan?eav=AfYNh0dT1S50c5DUg8Y_4CIGXqX-8_gChNOlr1B_DxzqjmaaOUvHNy8-c76uUMUEI5M&rc=p&paipv=0"", ""Zakarya Ahmed Almalah"": ""https://www.facebook.com/profile.php?id=100012900078754&eav=AfZAnzYChR8agYEsaSG7r2LaK_fKhkv6T2VswuaHW-DGsUfhyc0bSe7sUGPLaPOBJMo&rc=p&paipv=0"", ""Samiul Hasan Powel"": ""https://www.facebook.com/samiul.powel.1683?eav=Afaq2dVP8hlEKNVawIuHqZyJ1OFZNAx1iNMpLCiVJoLn8_ZaAR6n7pyb7RQC5xLy1nc&paipv=0"", ""Farhan Siam Chowdhury"": ""https://www.facebook.com/rockmachine22?eav=AfYpRnWcV17qaUW7kZFm-pyROBCyqGMpD4JrLTjxfiopX-1g_qY8RBWv4cxigU5n3jo&paipv=0"", ""Sneha Salam"": ""https://www.facebook.com/sneha.salam.50?eav=AfaTtsVJlRtkfdWaqirCPIopGVepiwxA87skcrjsCgegIZs1P12TGbdlY9xraAxy3BY&paipv=0"", ""Raiyaan Ehab Shams"": ""https://www.facebook.com/profile.php?id=100007360386665&eav=AfZWYSyFbQvo4huM-B9YnTHv1oHblOLioJJUY8sjvxGUSUbAnFTN9omgc62MM5PEDTo&paipv=0"", ""Nusaiba Juairia Siddiqui"": ""https://www.facebook.com/nusaibajuairia.siddiqui.3?eav=AfZ49XQwqwI75d8uB4WZ9PpYLNooTJM0_A7YdUfxiztgdzNBACFdI40GNklVfG9GYBk&paipv=0"", ""Lenah Mehzabin"": ""https://www.facebook.com/prieta.mehzabin?eav=Afanb2x8JxJwj42HEyUfZ8FTgwuINqYwEiu8wCXG6ko-vLud1fFYk8JC8bAxWooWZSk&paipv=0"", ""Amit Golam Mostafa"": ""https://www.facebook.com/Ams3Q?eav=AfbgUp2WJxVHxOmxtbEhJzVgGMDlO35W7LvGB3yFZz-m6ZoLv790KV3R3VBeO1xaHc8&paipv=0"", ""Farzin Ahmed"": ""https://www.facebook.com/fia.farzin?eav=AfYWyo1KsStlTAv2v0HvbkoH0UBHbS2MMlySw_pqatXts2CqQ167FTJIlrf3BVcJox8&paipv=0"", ""Yuki Rahman"": ""https://www.facebook.com/fizah.ailiya?eav=AfaNx0L20w5TkgsofWsOGWd4sFbKgG_7hk5Tqq4qzpEWpfvhfhnuXCB2ebEmmh5QoOA&paipv=0"", ""Kadir Sorkar"": ""https://www.facebook.com/profile.php?id=100010300812521&eav=Afa-wBNUa8yLTswyVoPAVElTyvnB5JR0fcpCcLHr0_WT2mvYFXVwkYXRq5MtIN63TBc&paipv=0""}"
5,Zubaer Bin Alam, It‚Äôs always amazing to represent BAT Bangladesh at Bangladesh University of Professionals(BUP) and talk about the experience of Battle of Minds in front of such energetic young crowd!! Really excited to see what the teams do in the biggest ever BoM! Also it was an absolute honor to share the stage with Saad Jashim bhai and Nirala ,https://www.facebook.com/zubaer.riad?eav=AfYwedEQ4yKIIznYPL_XV5UrL918iVImORj1zdUgX55_9W-oCNXyncoaGZRxShGeaPc&refid=52&paipv=0,"{""Shakibul Islam Shakib"": ""HAPPY MAY Day‚ù§Ô∏èüåπ"", ""Zakarya Ahmed Almalah"": ""ŸÉŸÑ ÿπÿßŸÖ ŸàÿßŸÜÿ™ŸÖ ÿ®ÿÆŸäÿ± Ÿàÿµÿ≠ÿ© Ÿàÿ≥ŸÑÿßŸÖÿ©"", ""Samiul Hasan Powel"": "" "", ""Farhan Siam Chowdhury"": "" "", ""Sneha Salam"": "" "", ""Raiyaan Ehab Shams"": "" "", ""Nusaiba Juairia Siddiqui"": "" "", ""Lenah Mehzabin"": "" "", ""Amit Golam Mostafa"": "" "", ""Farzin Ahmed"": "" "", ""Yuki Rahman"": "" "", ""Kadir Sorkar"": "" "", ""Md Eusuf Ali"": "" "", ""Ariful Islam Kajol"": "" "", ""Md Arif Khan"": "" "", ""Si Selim"": "" "", ""Nausheen Rahman Nommy"": "" ""}","{""Shakibul Islam Shakib"": ""https://www.facebook.com/sharier.ayan?eav=AfYNh0dT1S50c5DUg8Y_4CIGXqX-8_gChNOlr1B_DxzqjmaaOUvHNy8-c76uUMUEI5M&rc=p&paipv=0"", ""Zakarya Ahmed Almalah"": ""https://www.facebook.com/profile.php?id=100012900078754&eav=AfZAnzYChR8agYEsaSG7r2LaK_fKhkv6T2VswuaHW-DGsUfhyc0bSe7sUGPLaPOBJMo&rc=p&paipv=0"", ""Samiul Hasan Powel"": ""https://www.facebook.com/samiul.powel.1683?eav=Afaq2dVP8hlEKNVawIuHqZyJ1OFZNAx1iNMpLCiVJoLn8_ZaAR6n7pyb7RQC5xLy1nc&paipv=0"", ""Farhan Siam Chowdhury"": ""https://www.facebook.com/rockmachine22?eav=AfYpRnWcV17qaUW7kZFm-pyROBCyqGMpD4JrLTjxfiopX-1g_qY8RBWv4cxigU5n3jo&paipv=0"", ""Sneha Salam"": ""https://www.facebook.com/sneha.salam.50?eav=AfaTtsVJlRtkfdWaqirCPIopGVepiwxA87skcrjsCgegIZs1P12TGbdlY9xraAxy3BY&paipv=0"", ""Raiyaan Ehab Shams"": ""https://www.facebook.com/profile.php?id=100007360386665&eav=AfZWYSyFbQvo4huM-B9YnTHv1oHblOLioJJUY8sjvxGUSUbAnFTN9omgc62MM5PEDTo&paipv=0"", ""Nusaiba Juairia Siddiqui"": ""https://www.facebook.com/nusaibajuairia.siddiqui.3?eav=AfZ49XQwqwI75d8uB4WZ9PpYLNooTJM0_A7YdUfxiztgdzNBACFdI40GNklVfG9GYBk&paipv=0"", ""Lenah Mehzabin"": ""https://www.facebook.com/prieta.mehzabin?eav=Afanb2x8JxJwj42HEyUfZ8FTgwuINqYwEiu8wCXG6ko-vLud1fFYk8JC8bAxWooWZSk&paipv=0"", ""Amit Golam Mostafa"": ""https://www.facebook.com/Ams3Q?eav=AfbgUp2WJxVHxOmxtbEhJzVgGMDlO35W7LvGB3yFZz-m6ZoLv790KV3R3VBeO1xaHc8&paipv=0"", ""Farzin Ahmed"": ""https://www.facebook.com/fia.farzin?eav=AfYWyo1KsStlTAv2v0HvbkoH0UBHbS2MMlySw_pqatXts2CqQ167FTJIlrf3BVcJox8&paipv=0"", ""Yuki Rahman"": ""https://www.facebook.com/fizah.ailiya?eav=AfaNx0L20w5TkgsofWsOGWd4sFbKgG_7hk5Tqq4qzpEWpfvhfhnuXCB2ebEmmh5QoOA&paipv=0"", ""Kadir Sorkar"": ""https://www.facebook.com/profile.php?id=100010300812521&eav=Afa-wBNUa8yLTswyVoPAVElTyvnB5JR0fcpCcLHr0_WT2mvYFXVwkYXRq5MtIN63TBc&paipv=0"", ""Md Eusuf Ali"": ""https://www.facebook.com/eusuf.ali6463?eav=AfYpIT5wk-lqvHaoKpCd8Kewo81GbBo8yTjhffblsc2I3rbL4rTArOu5tFtTuHWjh5Y&paipv=0"", ""Ariful Islam Kajol"": ""https://www.facebook.com/profile.php?id=100002557758454&eav=AfYwJ8WH18FuEiqCXtbXhOIYc1QxLt3pF5EDCBewRiw3Tgv4MKMu-oedXV5k0TODpdw&paipv=0"", ""Md Arif Khan"": ""https://www.facebook.com/1234567890.arif.99?eav=AfY1vS7KPqQ-QIcaOEHqi00iBi2t0WU31AxZJaxfoSI59V2xwz1BtvS13l92xnzxADQ&paipv=0"", ""Si Selim"": ""https://www.facebook.com/si.selim.5?eav=Afb4sj3_ai3WDDl-rjf4rNjMq3w4Cj3N2ArbwelgJhxggQ9eYQ_Oj_9OcrLtNu0MuMA&paipv=0"", ""Nausheen Rahman Nommy"": ""https://www.facebook.com/nnr20064?eav=AfYeEx6JYIPQinChMevEMIFxo9p3Hlhpok8_w4Gk3eqGfnYe6JJ05pKVOsYMTW2dNek&paipv=0""}"
6,Bangladesh Cricket : The Tigers, Bangladesh have lost the toss and put into bat first against Australia.  #BANvAUS #T20WorldCup ,https://www.facebook.com/bcbtigercricket/?refid=52&paipv=0&eav=AfY-wHCrHjiZnWIdCSQCff0hngfC29isHZ97pyFEQXaNcLLZGKClL7CZL8dks0pkXNM,"{""Shakibul Islam Shakib"": ""HAPPY MAY Day‚ù§Ô∏èüåπ"", ""Zakarya Ahmed Almalah"": ""ŸÉŸÑ ÿπÿßŸÖ ŸàÿßŸÜÿ™ŸÖ ÿ®ÿÆŸäÿ± Ÿàÿµÿ≠ÿ© Ÿàÿ≥ŸÑÿßŸÖÿ©"", ""Samiul Hasan Powel"": "" "", ""Farhan Siam Chowdhury"": "" "", ""Sneha Salam"": "" "", ""Raiyaan Ehab Shams"": "" "", ""Nusaiba Juairia Siddiqui"": "" "", ""Lenah Mehzabin"": "" "", ""Amit Golam Mostafa"": "" "", ""Farzin Ahmed"": "" "", ""Yuki Rahman"": "" "", ""Kadir Sorkar"": "" "", ""Md Eusuf Ali"": "" "", ""Ariful Islam Kajol"": "" "", ""Md Arif Khan"": "" "", ""Si Selim"": "" "", ""Nausheen Rahman Nommy"": "" "", ""Rofiqul Azad"": ""‡¶≠‡ßü ‡¶™‡ßá‡¶ì‡¶®‡¶æ ‡¶ü‡¶æ‡¶á‡¶ó‡¶æ‡¶∞‡¶∞‡¶æ, ‡¶Ü‡¶ú‡¶ï‡ßá ‡¶π‡¶æ‡¶∞‡¶≤‡ßá‡¶ì ‡¶∏‡ßá‡¶Æ‡¶ø‡¶´‡¶æ‡¶á‡¶®‡¶æ‡¶≤‡ßá ‡¶Ø‡¶æ‡¶ì‡ßü‡¶æ‡¶∞ ‡¶ú‡¶®‡ßç‡¶Ø ‡¶®‡¶§‡ßÅ‡¶® ‡¶∏‡¶Æ‡ßÄ‡¶ï‡¶∞‡¶£ ‡¶∞‡ßá‡¶°‡¶ø ‡¶Ü‡¶õ‡ßá‡•§ ‚úåÔ∏èüò§30 ¬∑ "", ""Ahanaf Omer"": ""‡¶≤‡¶ø‡¶ü‡¶® ‡¶ï‡ßá ‡¶Ü‡¶∞ ‡¶¨‡¶ø‡¶Æ‡¶æ‡¶® ‡¶≠‡¶æ‡¶∞‡¶æ ‡¶¶‡¶ø‡ßü‡ßá ‡¶¶‡ßá‡¶∂‡ßá ‡¶Ü‡¶®‡¶æ‡¶∞ ‡¶¶‡¶∞‡¶ï‡¶æ‡¶∞ ‡¶®‡¶æ‡¶á, ‡¶ì‡¶Æ‡¶æ‡¶®‡ßá ‡¶∂‡ßç‡¶∞‡¶Æ‡¶ø‡¶ï ‡¶π‡¶ø‡¶∏‡ßá‡¶¨‡ßá ‡¶ï‡¶æ‡¶ú‡ßá ‡¶≤‡¶æ‡¶ó‡¶ø‡ßü‡ßá ‡¶¶‡ßá‡¶ì‡ßü‡¶æ ‡¶π‡¶ï, ‡¶è‡¶§‡ßá ‡¶ï‡¶∞‡ßá ‡¶¶‡ßá‡¶∂‡ßá‡¶∞ ‡¶∞‡ßá‡¶Æ‡¶ø‡¶ü‡ßç‡¶Ø‡¶æ‡¶®‡ßç‡¶∏ ‡¶Ü‡ßü ‡¶¨‡¶æ‡¶∞‡¶¨‡ßáüòé11 ¬∑ "", ""AsiBuL AsIF"": ""80/85 is a Definitely Good Score Against the team like Australia..ü§ü Remember That Amra kintu oder 62ta All out Korchilam.... #Mirpurüåöüáßüá©"", ""Lakshitha Vie"": ""After this WC, Invite Australia Z team and play at Mirpur. Schedule 7 T20s and whitewash them!!   You can come back strongly and keep your fans happy. Players will be happy-Board happy-Fans happy! Congratulations team BD!   Make sure to make the thropy bigger than the world cup thropy  #bangladeshcan #theyneedbigcups"", ""Saduni Himasha Sadu"": ""bangladesh 310/1(20) Mushfiqur Rahim 201*(56) üíñüôÇ"", ""Giyas Sany"": ""‡¶Æ‡¶æ‡¶π‡¶Æ‡ßÅ‡¶¶‡¶â‡¶≤‡ßç‡¶≤‡¶æ‡¶π ‡¶≠‡¶æ‡¶á ‡¶ü‡¶∏‡ßá ‡¶π‡¶æ‡¶∞‡ßá ‡¶™‡ßç‡¶∞‡¶æ‡ßü   ‡¶Ø‡¶æ‡¶á‡¶π‡ßã‡¶ï ‡¶∂‡ßÅ‡¶≠ ‡¶ï‡¶æ‡¶Æ‡¶®‡¶æ  ‡¶è‡¶ó‡¶ø‡ßü‡ßá ‡¶Ø‡¶æ‡¶ì ‡¶¨‡¶æ‡¶Ç‡¶≤‡¶æ‡¶¶‡ßá‡¶∂9 ¬∑ "", ""Shashika Madushan"": ""Come on tigers. You beat them in Mirpur. You can do this‚ù§Ô∏è üáßüá©6 ¬∑ "", ""Faruk Afsaruddin"": ""Bangladesh cricket team should be remove from ICC they are not deserve to play international cricket.... like that....2 ¬∑ "", ""Nazim Ahmed"": ""‡¶π‡¶æ‡¶∞‡¶≤‡ßá‡¶ì ‡¶¨‡¶æ‡¶Ç‡¶≤‡¶æ‡¶¶‡ßá‡¶∂ ‡¶ú‡¶ø‡¶§‡¶≤‡ßá‡¶ì ‡¶¨‡¶æ‡¶Ç‡¶≤‡¶æ‡¶¶‡ßá‡¶∂ üáßüá©4 ¬∑ ""}","{""Shakibul Islam Shakib"": ""https://www.facebook.com/sharier.ayan?eav=AfYNh0dT1S50c5DUg8Y_4CIGXqX-8_gChNOlr1B_DxzqjmaaOUvHNy8-c76uUMUEI5M&rc=p&paipv=0"", ""Zakarya Ahmed Almalah"": ""https://www.facebook.com/profile.php?id=100012900078754&eav=AfZAnzYChR8agYEsaSG7r2LaK_fKhkv6T2VswuaHW-DGsUfhyc0bSe7sUGPLaPOBJMo&rc=p&paipv=0"", ""Samiul Hasan Powel"": ""https://www.facebook.com/samiul.powel.1683?eav=Afaq2dVP8hlEKNVawIuHqZyJ1OFZNAx1iNMpLCiVJoLn8_ZaAR6n7pyb7RQC5xLy1nc&paipv=0"", ""Farhan Siam Chowdhury"": ""https://www.facebook.com/rockmachine22?eav=AfYpRnWcV17qaUW7kZFm-pyROBCyqGMpD4JrLTjxfiopX-1g_qY8RBWv4cxigU5n3jo&paipv=0"", ""Sneha Salam"": ""https://www.facebook.com/sneha.salam.50?eav=AfaTtsVJlRtkfdWaqirCPIopGVepiwxA87skcrjsCgegIZs1P12TGbdlY9xraAxy3BY&paipv=0"", ""Raiyaan Ehab Shams"": ""https://www.facebook.com/profile.php?id=100007360386665&eav=AfZWYSyFbQvo4huM-B9YnTHv1oHblOLioJJUY8sjvxGUSUbAnFTN9omgc62MM5PEDTo&paipv=0"", ""Nusaiba Juairia Siddiqui"": ""https://www.facebook.com/nusaibajuairia.siddiqui.3?eav=AfZ49XQwqwI75d8uB4WZ9PpYLNooTJM0_A7YdUfxiztgdzNBACFdI40GNklVfG9GYBk&paipv=0"", ""Lenah Mehzabin"": ""https://www.facebook.com/prieta.mehzabin?eav=Afanb2x8JxJwj42HEyUfZ8FTgwuINqYwEiu8wCXG6ko-vLud1fFYk8JC8bAxWooWZSk&paipv=0"", ""Amit Golam Mostafa"": ""https://www.facebook.com/Ams3Q?eav=AfbgUp2WJxVHxOmxtbEhJzVgGMDlO35W7LvGB3yFZz-m6ZoLv790KV3R3VBeO1xaHc8&paipv=0"", ""Farzin Ahmed"": ""https://www.facebook.com/fia.farzin?eav=AfYWyo1KsStlTAv2v0HvbkoH0UBHbS2MMlySw_pqatXts2CqQ167FTJIlrf3BVcJox8&paipv=0"", ""Yuki Rahman"": ""https://www.facebook.com/fizah.ailiya?eav=AfaNx0L20w5TkgsofWsOGWd4sFbKgG_7hk5Tqq4qzpEWpfvhfhnuXCB2ebEmmh5QoOA&paipv=0"", ""Kadir Sorkar"": ""https://www.facebook.com/profile.php?id=100010300812521&eav=Afa-wBNUa8yLTswyVoPAVElTyvnB5JR0fcpCcLHr0_WT2mvYFXVwkYXRq5MtIN63TBc&paipv=0"", ""Md Eusuf Ali"": ""https://www.facebook.com/eusuf.ali6463?eav=AfYpIT5wk-lqvHaoKpCd8Kewo81GbBo8yTjhffblsc2I3rbL4rTArOu5tFtTuHWjh5Y&paipv=0"", ""Ariful Islam Kajol"": ""https://www.facebook.com/profile.php?id=100002557758454&eav=AfYwJ8WH18FuEiqCXtbXhOIYc1QxLt3pF5EDCBewRiw3Tgv4MKMu-oedXV5k0TODpdw&paipv=0"", ""Md Arif Khan"": ""https://www.facebook.com/1234567890.arif.99?eav=AfY1vS7KPqQ-QIcaOEHqi00iBi2t0WU31AxZJaxfoSI59V2xwz1BtvS13l92xnzxADQ&paipv=0"", ""Si Selim"": ""https://www.facebook.com/si.selim.5?eav=Afb4sj3_ai3WDDl-rjf4rNjMq3w4Cj3N2ArbwelgJhxggQ9eYQ_Oj_9OcrLtNu0MuMA&paipv=0"", ""Nausheen Rahman Nommy"": ""https://www.facebook.com/nnr20064?eav=AfYeEx6JYIPQinChMevEMIFxo9p3Hlhpok8_w4Gk3eqGfnYe6JJ05pKVOsYMTW2dNek&paipv=0"", ""Rofiqul Azad"": ""https://www.facebook.com/rofiqul.azad.3?eav=AfbZguB7igAuC8uTC6R0QICosD4pwftNFXsl3zs6xTjyET1S9xCudk8JTtV1KiJGAtE&rc=p&paipv=0"", ""Ahanaf Omer"": ""https://www.facebook.com/ahanaf.omer.1?eav=AfbxTbvOGb6sBv18trnyNNoC3XlZO5MJomiwzhXmHtu0wyGCbZX6xO1Q-igxdeNtKMI&rc=p&paipv=0"", ""AsiBuL AsIF"": ""https://www.facebook.com/asibulhasan.aronno?eav=AfYgY2PPV_-7pREfR5uUwXAVmcnTQs5NjguHP-oqFHUb3USZebHhyWT9YCqIwK48UmU&rc=p&paipv=0"", ""Lakshitha Vie"": ""https://www.facebook.com/lakshitha.madushan.18?eav=Afa3cpcutypoKM1kIitf1EHG7OJpYZ5QG8vSfXyHY7YyEhi_EqIjjUke3e_BWn-7xxY&rc=p&paipv=0"", ""Saduni Himasha Sadu"": ""https://www.facebook.com/isuru.madushan.37017794?eav=AfammYbIYlzM4jvrGQAlBsCsNvYsucxWk8PYEMyZSbxGjl27MtX9PlqC8T_6OPACD_M&rc=p&paipv=0"", ""Giyas Sany"": ""https://www.facebook.com/ahmed.sany.79?eav=AfYuErrTmH5RJYmKLrWHb1fzl7H7ZfNmHwpLlEFlUci2M0hs40mAavIzuy4oSjQUnag&rc=p&paipv=0"", ""Shashika Madushan"": ""https://www.facebook.com/shashika.madushan.5477?eav=AfZFnKoE-JqIaez9SMdu_OlVzOuTd-xGQQRp3qPWSKc6gGxbddhe9m9n1BUsPlhCf7Q&rc=p&paipv=0"", ""Faruk Afsaruddin"": ""https://www.facebook.com/faruk.afsaruddin?eav=AfaAFljxiiPn44pXjga6rRW4KHOqkUf6v3_DySaqD9N0ZebRfULNqr5mm6lv7w1y2wQ&rc=p&paipv=0"", ""Nazim Ahmed"": ""https://www.facebook.com/profile.php?id=100006641496066&eav=AfYunqSq4lTVJ0noDiDLpY3zlRmt2kLFuTcY3GZQfSip3LjXt-x1AUY1VsQ2zpMRzz4&rc=p&paipv=0""}"
7,BAT Bangladesh," On World Water Day, let's come together to celebrate and honour the importance of water in our lives, and take a pledge to work together towards conserving this essential resource. ",https://www.facebook.com/BATBangladeshOfficial/?refid=52&paipv=0&eav=AfanWgji9UPz74VrXhrB0dXiRF5Vi3TPKWWFMeywUUiMHVTkhG7YHPL7wmYgo6td8JE,"{""Shakibul Islam Shakib"": ""HAPPY MAY Day‚ù§Ô∏èüåπ"", ""Zakarya Ahmed Almalah"": ""ŸÉŸÑ ÿπÿßŸÖ ŸàÿßŸÜÿ™ŸÖ ÿ®ÿÆŸäÿ± Ÿàÿµÿ≠ÿ© Ÿàÿ≥ŸÑÿßŸÖÿ©"", ""Samiul Hasan Powel"": "" "", ""Farhan Siam Chowdhury"": "" "", ""Sneha Salam"": "" "", ""Raiyaan Ehab Shams"": "" "", ""Nusaiba Juairia Siddiqui"": "" "", ""Lenah Mehzabin"": "" "", ""Amit Golam Mostafa"": "" "", ""Farzin Ahmed"": "" "", ""Yuki Rahman"": "" "", ""Kadir Sorkar"": "" "", ""Md Eusuf Ali"": "" "", ""Ariful Islam Kajol"": "" "", ""Md Arif Khan"": "" "", ""Si Selim"": "" "", ""Nausheen Rahman Nommy"": "" "", ""Rofiqul Azad"": ""‡¶≠‡ßü ‡¶™‡ßá‡¶ì‡¶®‡¶æ ‡¶ü‡¶æ‡¶á‡¶ó‡¶æ‡¶∞‡¶∞‡¶æ, ‡¶Ü‡¶ú‡¶ï‡ßá ‡¶π‡¶æ‡¶∞‡¶≤‡ßá‡¶ì ‡¶∏‡ßá‡¶Æ‡¶ø‡¶´‡¶æ‡¶á‡¶®‡¶æ‡¶≤‡ßá ‡¶Ø‡¶æ‡¶ì‡ßü‡¶æ‡¶∞ ‡¶ú‡¶®‡ßç‡¶Ø ‡¶®‡¶§‡ßÅ‡¶® ‡¶∏‡¶Æ‡ßÄ‡¶ï‡¶∞‡¶£ ‡¶∞‡ßá‡¶°‡¶ø ‡¶Ü‡¶õ‡ßá‡•§ ‚úåÔ∏èüò§30 ¬∑ "", ""Ahanaf Omer"": ""‡¶≤‡¶ø‡¶ü‡¶® ‡¶ï‡ßá ‡¶Ü‡¶∞ ‡¶¨‡¶ø‡¶Æ‡¶æ‡¶® ‡¶≠‡¶æ‡¶∞‡¶æ ‡¶¶‡¶ø‡ßü‡ßá ‡¶¶‡ßá‡¶∂‡ßá ‡¶Ü‡¶®‡¶æ‡¶∞ ‡¶¶‡¶∞‡¶ï‡¶æ‡¶∞ ‡¶®‡¶æ‡¶á, ‡¶ì‡¶Æ‡¶æ‡¶®‡ßá ‡¶∂‡ßç‡¶∞‡¶Æ‡¶ø‡¶ï ‡¶π‡¶ø‡¶∏‡ßá‡¶¨‡ßá ‡¶ï‡¶æ‡¶ú‡ßá ‡¶≤‡¶æ‡¶ó‡¶ø‡ßü‡ßá ‡¶¶‡ßá‡¶ì‡ßü‡¶æ ‡¶π‡¶ï, ‡¶è‡¶§‡ßá ‡¶ï‡¶∞‡ßá ‡¶¶‡ßá‡¶∂‡ßá‡¶∞ ‡¶∞‡ßá‡¶Æ‡¶ø‡¶ü‡ßç‡¶Ø‡¶æ‡¶®‡ßç‡¶∏ ‡¶Ü‡ßü ‡¶¨‡¶æ‡¶∞‡¶¨‡ßáüòé11 ¬∑ "", ""AsiBuL AsIF"": ""80/85 is a Definitely Good Score Against the team like Australia..ü§ü Remember That Amra kintu oder 62ta All out Korchilam.... #Mirpurüåöüáßüá©"", ""Lakshitha Vie"": ""After this WC, Invite Australia Z team and play at Mirpur. Schedule 7 T20s and whitewash them!!   You can come back strongly and keep your fans happy. Players will be happy-Board happy-Fans happy! Congratulations team BD!   Make sure to make the thropy bigger than the world cup thropy  #bangladeshcan #theyneedbigcups"", ""Saduni Himasha Sadu"": ""bangladesh 310/1(20) Mushfiqur Rahim 201*(56) üíñüôÇ"", ""Giyas Sany"": ""‡¶Æ‡¶æ‡¶π‡¶Æ‡ßÅ‡¶¶‡¶â‡¶≤‡ßç‡¶≤‡¶æ‡¶π ‡¶≠‡¶æ‡¶á ‡¶ü‡¶∏‡ßá ‡¶π‡¶æ‡¶∞‡ßá ‡¶™‡ßç‡¶∞‡¶æ‡ßü   ‡¶Ø‡¶æ‡¶á‡¶π‡ßã‡¶ï ‡¶∂‡ßÅ‡¶≠ ‡¶ï‡¶æ‡¶Æ‡¶®‡¶æ  ‡¶è‡¶ó‡¶ø‡ßü‡ßá ‡¶Ø‡¶æ‡¶ì ‡¶¨‡¶æ‡¶Ç‡¶≤‡¶æ‡¶¶‡ßá‡¶∂9 ¬∑ "", ""Shashika Madushan"": ""Come on tigers. You beat them in Mirpur. You can do this‚ù§Ô∏è üáßüá©6 ¬∑ "", ""Faruk Afsaruddin"": ""Bangladesh cricket team should be remove from ICC they are not deserve to play international cricket.... like that....2 ¬∑ "", ""Nazim Ahmed"": ""‡¶π‡¶æ‡¶∞‡¶≤‡ßá‡¶ì ‡¶¨‡¶æ‡¶Ç‡¶≤‡¶æ‡¶¶‡ßá‡¶∂ ‡¶ú‡¶ø‡¶§‡¶≤‡ßá‡¶ì ‡¶¨‡¶æ‡¶Ç‡¶≤‡¶æ‡¶¶‡ßá‡¶∂ üáßüá©4 ¬∑ "", ""Krishibid Maruf Hasan Sonet"": ""‚ù§Ô∏è‚ù§Ô∏è"", ""Shimul Bhaiyu"": ""üñ§üñ§üñ§"", ""‡¶§‡¶æ‡¶®‡¶∏‡ßÄ‡¶Æ‡¶æ ‡¶ú‡¶æ‡¶®‡ßç‡¶®‡¶æ‡¶§"": ""üíûüíû""}","{""Shakibul Islam Shakib"": ""https://www.facebook.com/sharier.ayan?eav=AfYNh0dT1S50c5DUg8Y_4CIGXqX-8_gChNOlr1B_DxzqjmaaOUvHNy8-c76uUMUEI5M&rc=p&paipv=0"", ""Zakarya Ahmed Almalah"": ""https://www.facebook.com/profile.php?id=100012900078754&eav=AfZAnzYChR8agYEsaSG7r2LaK_fKhkv6T2VswuaHW-DGsUfhyc0bSe7sUGPLaPOBJMo&rc=p&paipv=0"", ""Samiul Hasan Powel"": ""https://www.facebook.com/samiul.powel.1683?eav=Afaq2dVP8hlEKNVawIuHqZyJ1OFZNAx1iNMpLCiVJoLn8_ZaAR6n7pyb7RQC5xLy1nc&paipv=0"", ""Farhan Siam Chowdhury"": ""https://www.facebook.com/rockmachine22?eav=AfYpRnWcV17qaUW7kZFm-pyROBCyqGMpD4JrLTjxfiopX-1g_qY8RBWv4cxigU5n3jo&paipv=0"", ""Sneha Salam"": ""https://www.facebook.com/sneha.salam.50?eav=AfaTtsVJlRtkfdWaqirCPIopGVepiwxA87skcrjsCgegIZs1P12TGbdlY9xraAxy3BY&paipv=0"", ""Raiyaan Ehab Shams"": ""https://www.facebook.com/profile.php?id=100007360386665&eav=AfZWYSyFbQvo4huM-B9YnTHv1oHblOLioJJUY8sjvxGUSUbAnFTN9omgc62MM5PEDTo&paipv=0"", ""Nusaiba Juairia Siddiqui"": ""https://www.facebook.com/nusaibajuairia.siddiqui.3?eav=AfZ49XQwqwI75d8uB4WZ9PpYLNooTJM0_A7YdUfxiztgdzNBACFdI40GNklVfG9GYBk&paipv=0"", ""Lenah Mehzabin"": ""https://www.facebook.com/prieta.mehzabin?eav=Afanb2x8JxJwj42HEyUfZ8FTgwuINqYwEiu8wCXG6ko-vLud1fFYk8JC8bAxWooWZSk&paipv=0"", ""Amit Golam Mostafa"": ""https://www.facebook.com/Ams3Q?eav=AfbgUp2WJxVHxOmxtbEhJzVgGMDlO35W7LvGB3yFZz-m6ZoLv790KV3R3VBeO1xaHc8&paipv=0"", ""Farzin Ahmed"": ""https://www.facebook.com/fia.farzin?eav=AfYWyo1KsStlTAv2v0HvbkoH0UBHbS2MMlySw_pqatXts2CqQ167FTJIlrf3BVcJox8&paipv=0"", ""Yuki Rahman"": ""https://www.facebook.com/fizah.ailiya?eav=AfaNx0L20w5TkgsofWsOGWd4sFbKgG_7hk5Tqq4qzpEWpfvhfhnuXCB2ebEmmh5QoOA&paipv=0"", ""Kadir Sorkar"": ""https://www.facebook.com/profile.php?id=100010300812521&eav=Afa-wBNUa8yLTswyVoPAVElTyvnB5JR0fcpCcLHr0_WT2mvYFXVwkYXRq5MtIN63TBc&paipv=0"", ""Md Eusuf Ali"": ""https://www.facebook.com/eusuf.ali6463?eav=AfYpIT5wk-lqvHaoKpCd8Kewo81GbBo8yTjhffblsc2I3rbL4rTArOu5tFtTuHWjh5Y&paipv=0"", ""Ariful Islam Kajol"": ""https://www.facebook.com/profile.php?id=100002557758454&eav=AfYwJ8WH18FuEiqCXtbXhOIYc1QxLt3pF5EDCBewRiw3Tgv4MKMu-oedXV5k0TODpdw&paipv=0"", ""Md Arif Khan"": ""https://www.facebook.com/1234567890.arif.99?eav=AfY1vS7KPqQ-QIcaOEHqi00iBi2t0WU31AxZJaxfoSI59V2xwz1BtvS13l92xnzxADQ&paipv=0"", ""Si Selim"": ""https://www.facebook.com/si.selim.5?eav=Afb4sj3_ai3WDDl-rjf4rNjMq3w4Cj3N2ArbwelgJhxggQ9eYQ_Oj_9OcrLtNu0MuMA&paipv=0"", ""Nausheen Rahman Nommy"": ""https://www.facebook.com/nnr20064?eav=AfYeEx6JYIPQinChMevEMIFxo9p3Hlhpok8_w4Gk3eqGfnYe6JJ05pKVOsYMTW2dNek&paipv=0"", ""Rofiqul Azad"": ""https://www.facebook.com/rofiqul.azad.3?eav=AfbZguB7igAuC8uTC6R0QICosD4pwftNFXsl3zs6xTjyET1S9xCudk8JTtV1KiJGAtE&rc=p&paipv=0"", ""Ahanaf Omer"": ""https://www.facebook.com/ahanaf.omer.1?eav=AfbxTbvOGb6sBv18trnyNNoC3XlZO5MJomiwzhXmHtu0wyGCbZX6xO1Q-igxdeNtKMI&rc=p&paipv=0"", ""AsiBuL AsIF"": ""https://www.facebook.com/asibulhasan.aronno?eav=AfYgY2PPV_-7pREfR5uUwXAVmcnTQs5NjguHP-oqFHUb3USZebHhyWT9YCqIwK48UmU&rc=p&paipv=0"", ""Lakshitha Vie"": ""https://www.facebook.com/lakshitha.madushan.18?eav=Afa3cpcutypoKM1kIitf1EHG7OJpYZ5QG8vSfXyHY7YyEhi_EqIjjUke3e_BWn-7xxY&rc=p&paipv=0"", ""Saduni Himasha Sadu"": ""https://www.facebook.com/isuru.madushan.37017794?eav=AfammYbIYlzM4jvrGQAlBsCsNvYsucxWk8PYEMyZSbxGjl27MtX9PlqC8T_6OPACD_M&rc=p&paipv=0"", ""Giyas Sany"": ""https://www.facebook.com/ahmed.sany.79?eav=AfYuErrTmH5RJYmKLrWHb1fzl7H7ZfNmHwpLlEFlUci2M0hs40mAavIzuy4oSjQUnag&rc=p&paipv=0"", ""Shashika Madushan"": ""https://www.facebook.com/shashika.madushan.5477?eav=AfZFnKoE-JqIaez9SMdu_OlVzOuTd-xGQQRp3qPWSKc6gGxbddhe9m9n1BUsPlhCf7Q&rc=p&paipv=0"", ""Faruk Afsaruddin"": ""https://www.facebook.com/faruk.afsaruddin?eav=AfaAFljxiiPn44pXjga6rRW4KHOqkUf6v3_DySaqD9N0ZebRfULNqr5mm6lv7w1y2wQ&rc=p&paipv=0"", ""Nazim Ahmed"": ""https://www.facebook.com/profile.php?id=100006641496066&eav=AfYunqSq4lTVJ0noDiDLpY3zlRmt2kLFuTcY3GZQfSip3LjXt-x1AUY1VsQ2zpMRzz4&rc=p&paipv=0"", ""Krishibid Maruf Hasan Sonet"": ""https://www.facebook.com/marufhasan.marufhasan.7796?eav=Afa6R3QBLzO9w1e7vI69kvnit_E7m98WaVjSL3O6uk5gspWmXeAzCyp3aaMcUPFf1LM&rc=p&paipv=0"", ""Shimul Bhaiyu"": ""https://www.facebook.com/mohammed.shimul.503?eav=Afaou0HebUKVOhmPDIDcNZBe0CshLQn9jRJn4VzUjQKFbQHRDLWM9mb-RPq-HDfj7MU&rc=p&paipv=0"", ""‡¶§‡¶æ‡¶®‡¶∏‡ßÄ‡¶Æ‡¶æ ‡¶ú‡¶æ‡¶®‡ßç‡¶®‡¶æ‡¶§"": ""https://www.facebook.com/tanrhima.jannat?eav=Afbpg-XhOUsfmRG6zKMlK6pqClca8o-L7k-7RZy3wbnEG-eyk4B2qHEUKTTULlkU7s4&rc=p&paipv=0""}"
8,Bangladesh Cricket : The Tigers," Bangladesh have won the toss and opted to bat first in the second T20I.  To Watch BAN vs NZ 2nd T20I, visit Rabbitholebd Sports YouTube  Channel.   To watch inside Bangladesh, Click here- youtu.be/0friUVQvFAw  To watch outside Bangladesh, Click here- youtu.be/lAYDaxbi8Kg  #BANvNZ #RiseOfTheTigers ",https://www.facebook.com/bcbtigercricket/?refid=52&paipv=0&eav=AfZ2xLGMDbj7m84hb2-vfH4coydnWCB_KIAskEj7KcZR21NjySlvFHIDOhsQNeUdcug,"{""Shakibul Islam Shakib"": ""HAPPY MAY Day‚ù§Ô∏èüåπ"", ""Zakarya Ahmed Almalah"": ""ŸÉŸÑ ÿπÿßŸÖ ŸàÿßŸÜÿ™ŸÖ ÿ®ÿÆŸäÿ± Ÿàÿµÿ≠ÿ© Ÿàÿ≥ŸÑÿßŸÖÿ©"", ""Samiul Hasan Powel"": "" "", ""Farhan Siam Chowdhury"": "" "", ""Sneha Salam"": "" "", ""Raiyaan Ehab Shams"": "" "", ""Nusaiba Juairia Siddiqui"": "" "", ""Lenah Mehzabin"": "" "", ""Amit Golam Mostafa"": "" "", ""Farzin Ahmed"": "" "", ""Yuki Rahman"": "" "", ""Kadir Sorkar"": "" "", ""Md Eusuf Ali"": "" "", ""Ariful Islam Kajol"": "" "", ""Md Arif Khan"": "" "", ""Si Selim"": "" "", ""Nausheen Rahman Nommy"": "" "", ""Rofiqul Azad"": ""‡¶≠‡ßü ‡¶™‡ßá‡¶ì‡¶®‡¶æ ‡¶ü‡¶æ‡¶á‡¶ó‡¶æ‡¶∞‡¶∞‡¶æ, ‡¶Ü‡¶ú‡¶ï‡ßá ‡¶π‡¶æ‡¶∞‡¶≤‡ßá‡¶ì ‡¶∏‡ßá‡¶Æ‡¶ø‡¶´‡¶æ‡¶á‡¶®‡¶æ‡¶≤‡ßá ‡¶Ø‡¶æ‡¶ì‡ßü‡¶æ‡¶∞ ‡¶ú‡¶®‡ßç‡¶Ø ‡¶®‡¶§‡ßÅ‡¶® ‡¶∏‡¶Æ‡ßÄ‡¶ï‡¶∞‡¶£ ‡¶∞‡ßá‡¶°‡¶ø ‡¶Ü‡¶õ‡ßá‡•§ ‚úåÔ∏èüò§30 ¬∑ "", ""Ahanaf Omer"": ""‡¶≤‡¶ø‡¶ü‡¶® ‡¶ï‡ßá ‡¶Ü‡¶∞ ‡¶¨‡¶ø‡¶Æ‡¶æ‡¶® ‡¶≠‡¶æ‡¶∞‡¶æ ‡¶¶‡¶ø‡ßü‡ßá ‡¶¶‡ßá‡¶∂‡ßá ‡¶Ü‡¶®‡¶æ‡¶∞ ‡¶¶‡¶∞‡¶ï‡¶æ‡¶∞ ‡¶®‡¶æ‡¶á, ‡¶ì‡¶Æ‡¶æ‡¶®‡ßá ‡¶∂‡ßç‡¶∞‡¶Æ‡¶ø‡¶ï ‡¶π‡¶ø‡¶∏‡ßá‡¶¨‡ßá ‡¶ï‡¶æ‡¶ú‡ßá ‡¶≤‡¶æ‡¶ó‡¶ø‡ßü‡ßá ‡¶¶‡ßá‡¶ì‡ßü‡¶æ ‡¶π‡¶ï, ‡¶è‡¶§‡ßá ‡¶ï‡¶∞‡ßá ‡¶¶‡ßá‡¶∂‡ßá‡¶∞ ‡¶∞‡ßá‡¶Æ‡¶ø‡¶ü‡ßç‡¶Ø‡¶æ‡¶®‡ßç‡¶∏ ‡¶Ü‡ßü ‡¶¨‡¶æ‡¶∞‡¶¨‡ßáüòé11 ¬∑ "", ""AsiBuL AsIF"": ""80/85 is a Definitely Good Score Against the team like Australia..ü§ü Remember That Amra kintu oder 62ta All out Korchilam.... #Mirpurüåöüáßüá©"", ""Lakshitha Vie"": ""After this WC, Invite Australia Z team and play at Mirpur. Schedule 7 T20s and whitewash them!!   You can come back strongly and keep your fans happy. Players will be happy-Board happy-Fans happy! Congratulations team BD!   Make sure to make the thropy bigger than the world cup thropy  #bangladeshcan #theyneedbigcups"", ""Saduni Himasha Sadu"": ""bangladesh 310/1(20) Mushfiqur Rahim 201*(56) üíñüôÇ"", ""Giyas Sany"": ""‡¶Æ‡¶æ‡¶π‡¶Æ‡ßÅ‡¶¶‡¶â‡¶≤‡ßç‡¶≤‡¶æ‡¶π ‡¶≠‡¶æ‡¶á ‡¶ü‡¶∏‡ßá ‡¶π‡¶æ‡¶∞‡ßá ‡¶™‡ßç‡¶∞‡¶æ‡ßü   ‡¶Ø‡¶æ‡¶á‡¶π‡ßã‡¶ï ‡¶∂‡ßÅ‡¶≠ ‡¶ï‡¶æ‡¶Æ‡¶®‡¶æ  ‡¶è‡¶ó‡¶ø‡ßü‡ßá ‡¶Ø‡¶æ‡¶ì ‡¶¨‡¶æ‡¶Ç‡¶≤‡¶æ‡¶¶‡ßá‡¶∂9 ¬∑ "", ""Shashika Madushan"": ""Come on tigers. You beat them in Mirpur. You can do this‚ù§Ô∏è üáßüá©6 ¬∑ "", ""Faruk Afsaruddin"": ""Bangladesh cricket team should be remove from ICC they are not deserve to play international cricket.... like that....2 ¬∑ "", ""Nazim Ahmed"": ""‡¶π‡¶æ‡¶∞‡¶≤‡ßá‡¶ì ‡¶¨‡¶æ‡¶Ç‡¶≤‡¶æ‡¶¶‡ßá‡¶∂ ‡¶ú‡¶ø‡¶§‡¶≤‡ßá‡¶ì ‡¶¨‡¶æ‡¶Ç‡¶≤‡¶æ‡¶¶‡ßá‡¶∂ üáßüá©4 ¬∑ "", ""Krishibid Maruf Hasan Sonet"": ""‚ù§Ô∏è‚ù§Ô∏è"", ""Shimul Bhaiyu"": ""üñ§üñ§üñ§"", ""‡¶§‡¶æ‡¶®‡¶∏‡ßÄ‡¶Æ‡¶æ ‡¶ú‡¶æ‡¶®‡ßç‡¶®‡¶æ‡¶§"": ""üíûüíû"", ""Naeim Islam"": ""Congratulations"", ""Mahedi Hasan"": ""‡¶§‡¶æ‡¶Æ‡¶ø‡¶Æ ‡¶õ‡¶æ‡¶°‡¶º‡¶æ ‡¶ì‡¶™‡ßá‡¶®‡¶ø‡¶Ç  ‡¶∞‡¶° ‡¶õ‡¶æ‡¶°‡¶º‡¶æ ‡¶¨‡¶ø‡¶≤‡ßç‡¶°‡¶ø‡¶Ç  ‡¶∞‡¶°‡ßá‡¶∞ ‡¶¨‡¶¶‡¶≤‡ßá ‡¶¨‡¶æ‡¶Å‡¶∂  ‡¶§‡¶æ‡¶∞ ‡¶®‡¶æ‡¶Æ ‡¶≤‡¶ø‡¶ü‡¶® ‡¶¶‡¶æ‡¶∂üê∏üê∏üê∏"", ""MD Milon"": ""‡¶≤‡¶ø‡¶ü‡¶® ‡¶ï‡ßÅ‡¶Æ‡¶æ‡¶∞ ‡¶¶‡¶æ‡¶∏ ‡¶è‡¶∞ ‡¶Ü‡¶∞‡¶ì ‡¶¶‡¶æ‡¶Ø‡¶º‡¶ø‡¶§‡ßç‡¶¨ ‡¶®‡¶ø‡¶Ø‡¶º‡ßá ‡¶¨‡ßç‡¶Ø‡¶æ‡¶ü ‡¶ï‡¶∞‡¶§‡ßá ‡¶π‡¶¨‡ßá, ‡¶ú‡¶æ‡¶§‡ßÄ‡¶Ø‡¶º ‡¶¶‡¶≤‡ßá ‡¶ñ‡ßá‡¶≤‡¶§‡ßá ‡¶ñ‡ßá‡¶≤‡¶§‡ßá ‡¶¨‡¶æ‡¶≤ ‡¶ö‡ßÅ‡¶≤ ‡¶™‡ßá‡¶ï‡ßá, ‡¶ú‡ßÅ‡¶®‡¶æ ‡¶®‡¶æ‡¶∞‡¶ï‡ßá‡¶≤ ‡¶è‡¶∞ ‡¶Æ‡¶§ ‡¶π‡¶Ø‡¶º‡ßá ‡¶ó‡ßá‡¶≤, ‡¶è‡¶ñ‡¶® ‡¶™‡¶∞‡ßç‡¶Ø‡¶®‡ßç‡¶§ ‡¶¶‡¶≤‡ßá‡¶∞ ‡¶¨‡¶°‡¶º ‡¶ï‡ßã‡¶®‡ßã ‡¶≠‡ßÇ‡¶Æ‡¶ø‡¶ï‡¶æ ‡¶∞‡¶æ‡¶ñ‡¶§‡ßá ‡¶™‡¶æ‡¶∞‡¶õ‡ßá ‡¶®‡¶æ‡•§"", ""Sajal Das"": ""Bangladesh today loss because toss win but choose batting very bad choose."", ""Mahabubul Hassan Mijan"": ""Best Of Luck ‚ù£Ô∏èüáßüá©"", ""Uzzal Roy"": ""congratulations"", ""Muttakin Ahmed"": ""‡¶á‡¶®‡¶∂‡¶æ‡¶Ü‡¶≤‡ßç‡¶≤‡¶æ‡¶π ‡¶ú‡¶ø‡¶§‡¶¨‡ßã ‡¶Ü‡¶Æ‡¶∞‡¶æüáßüá©‚úåÔ∏è"", ""MiNhaJuL HoQue Shaon"": ""Best of luck Team Tigersüáßüá©1 ¬∑ "", ""AF Mohammad"": ""We all want a high scoring match.."", ""Mehedi Hasan"": ""‡¶¨‡ßã‡¶≤‡¶ø‡¶Ç ‡¶®‡¶ø‡¶≤‡ßá‡¶á ‡¶§‡ßã ‡¶™‡¶æ‡¶∞‡¶§‡ßã üôÑ""}","{""Shakibul Islam Shakib"": ""https://www.facebook.com/sharier.ayan?eav=AfYNh0dT1S50c5DUg8Y_4CIGXqX-8_gChNOlr1B_DxzqjmaaOUvHNy8-c76uUMUEI5M&rc=p&paipv=0"", ""Zakarya Ahmed Almalah"": ""https://www.facebook.com/profile.php?id=100012900078754&eav=AfZAnzYChR8agYEsaSG7r2LaK_fKhkv6T2VswuaHW-DGsUfhyc0bSe7sUGPLaPOBJMo&rc=p&paipv=0"", ""Samiul Hasan Powel"": ""https://www.facebook.com/samiul.powel.1683?eav=Afaq2dVP8hlEKNVawIuHqZyJ1OFZNAx1iNMpLCiVJoLn8_ZaAR6n7pyb7RQC5xLy1nc&paipv=0"", ""Farhan Siam Chowdhury"": ""https://www.facebook.com/rockmachine22?eav=AfYpRnWcV17qaUW7kZFm-pyROBCyqGMpD4JrLTjxfiopX-1g_qY8RBWv4cxigU5n3jo&paipv=0"", ""Sneha Salam"": ""https://www.facebook.com/sneha.salam.50?eav=AfaTtsVJlRtkfdWaqirCPIopGVepiwxA87skcrjsCgegIZs1P12TGbdlY9xraAxy3BY&paipv=0"", ""Raiyaan Ehab Shams"": ""https://www.facebook.com/profile.php?id=100007360386665&eav=AfZWYSyFbQvo4huM-B9YnTHv1oHblOLioJJUY8sjvxGUSUbAnFTN9omgc62MM5PEDTo&paipv=0"", ""Nusaiba Juairia Siddiqui"": ""https://www.facebook.com/nusaibajuairia.siddiqui.3?eav=AfZ49XQwqwI75d8uB4WZ9PpYLNooTJM0_A7YdUfxiztgdzNBACFdI40GNklVfG9GYBk&paipv=0"", ""Lenah Mehzabin"": ""https://www.facebook.com/prieta.mehzabin?eav=Afanb2x8JxJwj42HEyUfZ8FTgwuINqYwEiu8wCXG6ko-vLud1fFYk8JC8bAxWooWZSk&paipv=0"", ""Amit Golam Mostafa"": ""https://www.facebook.com/Ams3Q?eav=AfbgUp2WJxVHxOmxtbEhJzVgGMDlO35W7LvGB3yFZz-m6ZoLv790KV3R3VBeO1xaHc8&paipv=0"", ""Farzin Ahmed"": ""https://www.facebook.com/fia.farzin?eav=AfYWyo1KsStlTAv2v0HvbkoH0UBHbS2MMlySw_pqatXts2CqQ167FTJIlrf3BVcJox8&paipv=0"", ""Yuki Rahman"": ""https://www.facebook.com/fizah.ailiya?eav=AfaNx0L20w5TkgsofWsOGWd4sFbKgG_7hk5Tqq4qzpEWpfvhfhnuXCB2ebEmmh5QoOA&paipv=0"", ""Kadir Sorkar"": ""https://www.facebook.com/profile.php?id=100010300812521&eav=Afa-wBNUa8yLTswyVoPAVElTyvnB5JR0fcpCcLHr0_WT2mvYFXVwkYXRq5MtIN63TBc&paipv=0"", ""Md Eusuf Ali"": ""https://www.facebook.com/eusuf.ali6463?eav=AfYpIT5wk-lqvHaoKpCd8Kewo81GbBo8yTjhffblsc2I3rbL4rTArOu5tFtTuHWjh5Y&paipv=0"", ""Ariful Islam Kajol"": ""https://www.facebook.com/profile.php?id=100002557758454&eav=AfYwJ8WH18FuEiqCXtbXhOIYc1QxLt3pF5EDCBewRiw3Tgv4MKMu-oedXV5k0TODpdw&paipv=0"", ""Md Arif Khan"": ""https://www.facebook.com/1234567890.arif.99?eav=AfY1vS7KPqQ-QIcaOEHqi00iBi2t0WU31AxZJaxfoSI59V2xwz1BtvS13l92xnzxADQ&paipv=0"", ""Si Selim"": ""https://www.facebook.com/si.selim.5?eav=Afb4sj3_ai3WDDl-rjf4rNjMq3w4Cj3N2ArbwelgJhxggQ9eYQ_Oj_9OcrLtNu0MuMA&paipv=0"", ""Nausheen Rahman Nommy"": ""https://www.facebook.com/nnr20064?eav=AfYeEx6JYIPQinChMevEMIFxo9p3Hlhpok8_w4Gk3eqGfnYe6JJ05pKVOsYMTW2dNek&paipv=0"", ""Rofiqul Azad"": ""https://www.facebook.com/rofiqul.azad.3?eav=AfbZguB7igAuC8uTC6R0QICosD4pwftNFXsl3zs6xTjyET1S9xCudk8JTtV1KiJGAtE&rc=p&paipv=0"", ""Ahanaf Omer"": ""https://www.facebook.com/ahanaf.omer.1?eav=AfbxTbvOGb6sBv18trnyNNoC3XlZO5MJomiwzhXmHtu0wyGCbZX6xO1Q-igxdeNtKMI&rc=p&paipv=0"", ""AsiBuL AsIF"": ""https://www.facebook.com/asibulhasan.aronno?eav=AfYgY2PPV_-7pREfR5uUwXAVmcnTQs5NjguHP-oqFHUb3USZebHhyWT9YCqIwK48UmU&rc=p&paipv=0"", ""Lakshitha Vie"": ""https://www.facebook.com/lakshitha.madushan.18?eav=Afa3cpcutypoKM1kIitf1EHG7OJpYZ5QG8vSfXyHY7YyEhi_EqIjjUke3e_BWn-7xxY&rc=p&paipv=0"", ""Saduni Himasha Sadu"": ""https://www.facebook.com/isuru.madushan.37017794?eav=AfammYbIYlzM4jvrGQAlBsCsNvYsucxWk8PYEMyZSbxGjl27MtX9PlqC8T_6OPACD_M&rc=p&paipv=0"", ""Giyas Sany"": ""https://www.facebook.com/ahmed.sany.79?eav=AfYuErrTmH5RJYmKLrWHb1fzl7H7ZfNmHwpLlEFlUci2M0hs40mAavIzuy4oSjQUnag&rc=p&paipv=0"", ""Shashika Madushan"": ""https://www.facebook.com/shashika.madushan.5477?eav=AfZFnKoE-JqIaez9SMdu_OlVzOuTd-xGQQRp3qPWSKc6gGxbddhe9m9n1BUsPlhCf7Q&rc=p&paipv=0"", ""Faruk Afsaruddin"": ""https://www.facebook.com/faruk.afsaruddin?eav=AfaAFljxiiPn44pXjga6rRW4KHOqkUf6v3_DySaqD9N0ZebRfULNqr5mm6lv7w1y2wQ&rc=p&paipv=0"", ""Nazim Ahmed"": ""https://www.facebook.com/profile.php?id=100006641496066&eav=AfYunqSq4lTVJ0noDiDLpY3zlRmt2kLFuTcY3GZQfSip3LjXt-x1AUY1VsQ2zpMRzz4&rc=p&paipv=0"", ""Krishibid Maruf Hasan Sonet"": ""https://www.facebook.com/marufhasan.marufhasan.7796?eav=Afa6R3QBLzO9w1e7vI69kvnit_E7m98WaVjSL3O6uk5gspWmXeAzCyp3aaMcUPFf1LM&rc=p&paipv=0"", ""Shimul Bhaiyu"": ""https://www.facebook.com/mohammed.shimul.503?eav=Afaou0HebUKVOhmPDIDcNZBe0CshLQn9jRJn4VzUjQKFbQHRDLWM9mb-RPq-HDfj7MU&rc=p&paipv=0"", ""‡¶§‡¶æ‡¶®‡¶∏‡ßÄ‡¶Æ‡¶æ ‡¶ú‡¶æ‡¶®‡ßç‡¶®‡¶æ‡¶§"": ""https://www.facebook.com/tanrhima.jannat?eav=Afbpg-XhOUsfmRG6zKMlK6pqClca8o-L7k-7RZy3wbnEG-eyk4B2qHEUKTTULlkU7s4&rc=p&paipv=0"", ""Naeim Islam"": ""https://www.facebook.com/Naeim7135?eav=AfYrwH_T0r9413ywJEdPzItQiW5prX_iWEws0X6Rkgcq5A0A_iWrzo0_Cb38y6hxYOI&rc=p&paipv=0"", ""Mahedi Hasan"": ""https://www.facebook.com/profile.php?id=100057948110996&eav=AfZQyF2QXf9vFDtcWgAE5-Cd4CXERV9C469Fw7GkRtfjrcMxVMChWVxQPDVBtuGRE5Q&rc=p&paipv=0"", ""MD Milon"": ""https://www.facebook.com/profile.php?id=100037343449315&eav=AfbKS09aeZewi1Fouv3rqjtOd8sm3ggWWrQiU2A0xnIwh0zezcVhcBBWl6i4khFICDo&rc=p&paipv=0"", ""Sajal Das"": ""https://www.facebook.com/profile.php?id=100024419121545&eav=AfaEfGCgmGPuBC3kw4CY-PQbRXvZ4Jz_zAa714X8lk9yuJL5F7aXl0KdlFX589-edQw&rc=p&paipv=0"", ""Mahabubul Hassan Mijan"": ""https://www.facebook.com/profile.php?id=100039043193195&eav=Afa2ugF0Vt60u_wHfOH2Ccc0XVr_aqBt84Ha7JkP0Frv42fxyS3CLfsPEiv0hlaWTs4&rc=p&paipv=0"", ""Uzzal Roy"": ""https://www.facebook.com/shafaly.ray?eav=AfYNdDMslDw8TcJR-KLxLB5Uw5M7ocwoein1DJM4RRbPo4kl832TYr5WHhulhlCiIGA&rc=p&paipv=0"", ""Muttakin Ahmed"": ""https://www.facebook.com/villainmuttakin?eav=Afai0FEPpoB24tNH8f1AmBrADpRbtEudALpgAlMlxoDcXfNt6Tm1u46-9yq8A_mgGus&rc=p&paipv=0"", ""MiNhaJuL HoQue Shaon"": ""https://www.facebook.com/minhajulhoque.shaon?eav=Afa9jlNsQ1GoH-0xTWL8VFAdCTS_u0OETf_WZJzmBKnBpwH5Y-4BGSirz6ftJw6GJEw&rc=p&paipv=0"", ""AF Mohammad"": ""https://www.facebook.com/af.mohammad.12?eav=Afag1KBwAm-1hVll886vyHsRw9f4ah-R2GvcNqAWEiRunbJhTNTsJ6F1xhMDBKZtHXc&rc=p&paipv=0"", ""Mehedi Hasan"": ""https://www.facebook.com/profile.php?id=100039921039002&eav=AfYaC4hVdazAxU0Ex9pLG09iT2F7bHsKaZTzMtb6e-Tvsyqv46xp3Tyvzafh9fWDHw4&rc=p&paipv=0""}"
9,Bangladesh Cricket : The Tigers, Mohammad Rafique was the first Bangladeshi bowler to take 100 Test wickets during his last international match. He played 159 international matches for the Tigers across three formats and scalped 226 wickets. Rafique was instrumental with the bat as well who became the first Bangladeshi batsman to hit a Test century batting at number 9 against West Indies at St. Lucia in 2004.   #KnowYourHerors ,https://www.facebook.com/bcbtigercricket/?refid=52&paipv=0&eav=AfY9NTtzSAYOpHSS1WpZm3pAZuMuflOxH9z-5E6hzFxXhpStjdDtLG7i8e7GL752iEM,"{""Shakibul Islam Shakib"": ""HAPPY MAY Day‚ù§Ô∏èüåπ"", ""Zakarya Ahmed Almalah"": ""ŸÉŸÑ ÿπÿßŸÖ ŸàÿßŸÜÿ™ŸÖ ÿ®ÿÆŸäÿ± Ÿàÿµÿ≠ÿ© Ÿàÿ≥ŸÑÿßŸÖÿ©"", ""Samiul Hasan Powel"": "" "", ""Farhan Siam Chowdhury"": "" "", ""Sneha Salam"": "" "", ""Raiyaan Ehab Shams"": "" "", ""Nusaiba Juairia Siddiqui"": "" "", ""Lenah Mehzabin"": "" "", ""Amit Golam Mostafa"": "" "", ""Farzin Ahmed"": "" "", ""Yuki Rahman"": "" "", ""Kadir Sorkar"": "" "", ""Md Eusuf Ali"": "" "", ""Ariful Islam Kajol"": "" "", ""Md Arif Khan"": "" "", ""Si Selim"": "" "", ""Nausheen Rahman Nommy"": "" "", ""Rofiqul Azad"": ""‡¶≠‡ßü ‡¶™‡ßá‡¶ì‡¶®‡¶æ ‡¶ü‡¶æ‡¶á‡¶ó‡¶æ‡¶∞‡¶∞‡¶æ, ‡¶Ü‡¶ú‡¶ï‡ßá ‡¶π‡¶æ‡¶∞‡¶≤‡ßá‡¶ì ‡¶∏‡ßá‡¶Æ‡¶ø‡¶´‡¶æ‡¶á‡¶®‡¶æ‡¶≤‡ßá ‡¶Ø‡¶æ‡¶ì‡ßü‡¶æ‡¶∞ ‡¶ú‡¶®‡ßç‡¶Ø ‡¶®‡¶§‡ßÅ‡¶® ‡¶∏‡¶Æ‡ßÄ‡¶ï‡¶∞‡¶£ ‡¶∞‡ßá‡¶°‡¶ø ‡¶Ü‡¶õ‡ßá‡•§ ‚úåÔ∏èüò§30 ¬∑ "", ""Ahanaf Omer"": ""‡¶≤‡¶ø‡¶ü‡¶® ‡¶ï‡ßá ‡¶Ü‡¶∞ ‡¶¨‡¶ø‡¶Æ‡¶æ‡¶® ‡¶≠‡¶æ‡¶∞‡¶æ ‡¶¶‡¶ø‡ßü‡ßá ‡¶¶‡ßá‡¶∂‡ßá ‡¶Ü‡¶®‡¶æ‡¶∞ ‡¶¶‡¶∞‡¶ï‡¶æ‡¶∞ ‡¶®‡¶æ‡¶á, ‡¶ì‡¶Æ‡¶æ‡¶®‡ßá ‡¶∂‡ßç‡¶∞‡¶Æ‡¶ø‡¶ï ‡¶π‡¶ø‡¶∏‡ßá‡¶¨‡ßá ‡¶ï‡¶æ‡¶ú‡ßá ‡¶≤‡¶æ‡¶ó‡¶ø‡ßü‡ßá ‡¶¶‡ßá‡¶ì‡ßü‡¶æ ‡¶π‡¶ï, ‡¶è‡¶§‡ßá ‡¶ï‡¶∞‡ßá ‡¶¶‡ßá‡¶∂‡ßá‡¶∞ ‡¶∞‡ßá‡¶Æ‡¶ø‡¶ü‡ßç‡¶Ø‡¶æ‡¶®‡ßç‡¶∏ ‡¶Ü‡ßü ‡¶¨‡¶æ‡¶∞‡¶¨‡ßáüòé11 ¬∑ "", ""AsiBuL AsIF"": ""80/85 is a Definitely Good Score Against the team like Australia..ü§ü Remember That Amra kintu oder 62ta All out Korchilam.... #Mirpurüåöüáßüá©"", ""Lakshitha Vie"": ""After this WC, Invite Australia Z team and play at Mirpur. Schedule 7 T20s and whitewash them!!   You can come back strongly and keep your fans happy. Players will be happy-Board happy-Fans happy! Congratulations team BD!   Make sure to make the thropy bigger than the world cup thropy  #bangladeshcan #theyneedbigcups"", ""Saduni Himasha Sadu"": ""bangladesh 310/1(20) Mushfiqur Rahim 201*(56) üíñüôÇ"", ""Giyas Sany"": ""‡¶Æ‡¶æ‡¶π‡¶Æ‡ßÅ‡¶¶‡¶â‡¶≤‡ßç‡¶≤‡¶æ‡¶π ‡¶≠‡¶æ‡¶á ‡¶ü‡¶∏‡ßá ‡¶π‡¶æ‡¶∞‡ßá ‡¶™‡ßç‡¶∞‡¶æ‡ßü   ‡¶Ø‡¶æ‡¶á‡¶π‡ßã‡¶ï ‡¶∂‡ßÅ‡¶≠ ‡¶ï‡¶æ‡¶Æ‡¶®‡¶æ  ‡¶è‡¶ó‡¶ø‡ßü‡ßá ‡¶Ø‡¶æ‡¶ì ‡¶¨‡¶æ‡¶Ç‡¶≤‡¶æ‡¶¶‡ßá‡¶∂9 ¬∑ "", ""Shashika Madushan"": ""Come on tigers. You beat them in Mirpur. You can do this‚ù§Ô∏è üáßüá©6 ¬∑ "", ""Faruk Afsaruddin"": ""Bangladesh cricket team should be remove from ICC they are not deserve to play international cricket.... like that....2 ¬∑ "", ""Nazim Ahmed"": ""‡¶π‡¶æ‡¶∞‡¶≤‡ßá‡¶ì ‡¶¨‡¶æ‡¶Ç‡¶≤‡¶æ‡¶¶‡ßá‡¶∂ ‡¶ú‡¶ø‡¶§‡¶≤‡ßá‡¶ì ‡¶¨‡¶æ‡¶Ç‡¶≤‡¶æ‡¶¶‡ßá‡¶∂ üáßüá©4 ¬∑ "", ""Krishibid Maruf Hasan Sonet"": ""‚ù§Ô∏è‚ù§Ô∏è"", ""Shimul Bhaiyu"": ""üñ§üñ§üñ§"", ""‡¶§‡¶æ‡¶®‡¶∏‡ßÄ‡¶Æ‡¶æ ‡¶ú‡¶æ‡¶®‡ßç‡¶®‡¶æ‡¶§"": ""üíûüíû"", ""Naeim Islam"": ""Congratulations"", ""Mahedi Hasan"": ""‡¶§‡¶æ‡¶Æ‡¶ø‡¶Æ ‡¶õ‡¶æ‡¶°‡¶º‡¶æ ‡¶ì‡¶™‡ßá‡¶®‡¶ø‡¶Ç  ‡¶∞‡¶° ‡¶õ‡¶æ‡¶°‡¶º‡¶æ ‡¶¨‡¶ø‡¶≤‡ßç‡¶°‡¶ø‡¶Ç  ‡¶∞‡¶°‡ßá‡¶∞ ‡¶¨‡¶¶‡¶≤‡ßá ‡¶¨‡¶æ‡¶Å‡¶∂  ‡¶§‡¶æ‡¶∞ ‡¶®‡¶æ‡¶Æ ‡¶≤‡¶ø‡¶ü‡¶® ‡¶¶‡¶æ‡¶∂üê∏üê∏üê∏"", ""MD Milon"": ""‡¶≤‡¶ø‡¶ü‡¶® ‡¶ï‡ßÅ‡¶Æ‡¶æ‡¶∞ ‡¶¶‡¶æ‡¶∏ ‡¶è‡¶∞ ‡¶Ü‡¶∞‡¶ì ‡¶¶‡¶æ‡¶Ø‡¶º‡¶ø‡¶§‡ßç‡¶¨ ‡¶®‡¶ø‡¶Ø‡¶º‡ßá ‡¶¨‡ßç‡¶Ø‡¶æ‡¶ü ‡¶ï‡¶∞‡¶§‡ßá ‡¶π‡¶¨‡ßá, ‡¶ú‡¶æ‡¶§‡ßÄ‡¶Ø‡¶º ‡¶¶‡¶≤‡ßá ‡¶ñ‡ßá‡¶≤‡¶§‡ßá ‡¶ñ‡ßá‡¶≤‡¶§‡ßá ‡¶¨‡¶æ‡¶≤ ‡¶ö‡ßÅ‡¶≤ ‡¶™‡ßá‡¶ï‡ßá, ‡¶ú‡ßÅ‡¶®‡¶æ ‡¶®‡¶æ‡¶∞‡¶ï‡ßá‡¶≤ ‡¶è‡¶∞ ‡¶Æ‡¶§ ‡¶π‡¶Ø‡¶º‡ßá ‡¶ó‡ßá‡¶≤, ‡¶è‡¶ñ‡¶® ‡¶™‡¶∞‡ßç‡¶Ø‡¶®‡ßç‡¶§ ‡¶¶‡¶≤‡ßá‡¶∞ ‡¶¨‡¶°‡¶º ‡¶ï‡ßã‡¶®‡ßã ‡¶≠‡ßÇ‡¶Æ‡¶ø‡¶ï‡¶æ ‡¶∞‡¶æ‡¶ñ‡¶§‡ßá ‡¶™‡¶æ‡¶∞‡¶õ‡ßá ‡¶®‡¶æ‡•§"", ""Sajal Das"": ""Bangladesh today loss because toss win but choose batting very bad choose."", ""Mahabubul Hassan Mijan"": ""Best Of Luck ‚ù£Ô∏èüáßüá©"", ""Uzzal Roy"": ""congratulations"", ""Muttakin Ahmed"": ""‡¶á‡¶®‡¶∂‡¶æ‡¶Ü‡¶≤‡ßç‡¶≤‡¶æ‡¶π ‡¶ú‡¶ø‡¶§‡¶¨‡ßã ‡¶Ü‡¶Æ‡¶∞‡¶æüáßüá©‚úåÔ∏è"", ""MiNhaJuL HoQue Shaon"": ""Best of luck Team Tigersüáßüá©1 ¬∑ "", ""AF Mohammad"": ""We all want a high scoring match.."", ""Mehedi Hasan"": ""‡¶¨‡ßã‡¶≤‡¶ø‡¶Ç ‡¶®‡¶ø‡¶≤‡ßá‡¶á ‡¶§‡ßã ‡¶™‡¶æ‡¶∞‡¶§‡ßã üôÑ"", ""Sadat Sayem"": ""He was a talented, honest and unselfish player of Bangladesh cricket and he only understood the game, did not understand the politics of the game...1 ¬∑ "", ""Faridul Alam Faridul Alam"": ""‡¶∏‡¶æ‡¶¨‡ßá‡¶ï‡¶¶‡ßá‡¶∞ ‡¶Æ‡¶ß‡ßç‡¶Ø ‡¶Ö‡¶æ‡¶Æ‡¶æ‡¶∞ ‡¶™‡ßç‡¶∞‡¶ø‡ßü ‡¶ñ‡ßá‡¶≤‡ßÅ‡ßü‡¶æ‡¶ü ‡¶Ö‡¶æ‡¶Æ‡¶æ‡¶∞ ‡¶Æ‡ßá‡¶æ‡¶É ‡¶∞‡¶´‡¶ø‡¶ï ‡¶≠‡¶æ‡¶á  ‡¶¨‡¶æ‡¶Ç‡¶≤‡¶æ‡¶¶‡ßá‡¶∂‡ßá‡¶∞ ‡¶õ‡ßÅ‡¶∞‡ßá‡¶∞ ‡¶Ö‡¶¨‡¶æ‡¶≠ ‡¶®‡ßá‡¶á ‡¶∞‡¶´‡¶ø‡¶ï ‡¶≠‡¶æ‡¶á ‡¶è‡¶ï‡¶ú‡¶® ‡¶≠‡¶æ‡¶≤ ‡¶Æ‡¶®‡ßá‡¶∞ ‡¶Æ‡¶æ‡¶®‡ßÅ‡¶∑ ‡¶õ‡¶ø‡¶≤  ‡¶è‡¶ï‡ßá ‡¶ï‡ßÅ‡¶õ ‡¶π‡¶ø‡¶∏‡ßá‡¶¨‡ßá ‡¶∞‡¶æ‡¶ï‡¶æ‡¶∞ ‡¶â‡¶ö‡¶ø‡¶§"", ""Dawood Arman"": ""‡¶â‡¶®‡¶æ‡¶ï‡ßá ‡¶®‡¶ø‡ßü‡ßá ‡¶´‡ßá‡¶∏‡¶¨‡ßÅ‡¶ï‡ßá ‡¶™‡ßã‡¶∏‡ßç‡¶ü ‡¶®‡¶æ ‡¶¶‡¶ø‡ßü‡ßá, ‡¶™‡¶æ‡¶∞‡¶≤‡ßá ‡¶â‡¶®‡¶æ‡¶ï‡ßá ‡¶¨‡¶ø‡¶∏‡¶ø‡¶¨‡¶ø'‡¶∞ ‡¶ï‡ßã‡¶® ‡¶ï‡¶æ‡¶∞‡ßç‡¶Ø‡¶ï‡ßç‡¶∞‡¶Æ‡ßá‡¶∞ ‡¶∏‡¶æ‡¶•‡ßá ‡¶â‡¶®‡¶æ‡¶ï‡ßá ‡¶Ø‡ßÅ‡¶ï‡ßç‡¶§ ‡¶ï‡¶∞‡ßá‡¶®‡•§ ‡¶â‡¶®‡¶æ‡¶∞ ‡¶Æ‡ßá‡¶ß‡¶æ ‡¶è‡¶¨‡¶Ç ‡¶Ö‡¶≠‡¶ø‡¶ú‡ßç‡¶û‡¶§‡¶æ ‡¶¶‡¶ø‡ßü‡ßá ‡¶â‡¶®‡¶ø ‡¶â‡¶†‡¶§‡¶ø ‡¶∏‡ßç‡¶™‡¶ø‡¶®‡¶æ‡¶∞‡¶¶‡ßá‡¶∞‡¶ï‡ßá ‡¶Ö‡¶®‡ßá‡¶ï ‡¶∏‡¶π‡¶æ‡ßü‡¶§‡¶æ ‡¶ï‡¶∞‡¶§‡ßá ‡¶™‡¶æ‡¶∞‡¶¨‡ßá‡¶®‡•§ ‡¶≤‡¶ï‡ßç‡¶∑ ‡¶≤‡¶ï‡ßç‡¶∑ ‡¶ü‡¶æ‡¶ï‡¶æ ‡¶∏‡ßÅ‡¶®‡ßÄ‡¶≤ ‡¶ú‡ßã‡¶∂‡ßÄ/‡¶°‡ßç‡¶Ø‡¶æ‡¶®‡¶ø‡ßü‡ßá‡¶≤ ‡¶≠‡ßá‡¶ü‡ßç‡¶ü‡ßã‡¶∞‡¶ø‡¶ï‡ßá ‡¶®‡¶æ ‡¶è‡¶®‡ßá ‡¶∞‡¶´‡¶ø‡¶ï‡¶¶‡ßá‡¶∞ ‡¶Æ‡¶§‡ßã ‡¶Ü‡¶≤‡ßç‡¶≤‡¶æ‡¶π ‡¶™‡ßç‡¶∞‡¶¶‡¶§‡ßç‡¶§ ‡¶ü‡ßç‡¶Ø‡¶æ‡¶≤‡ßá‡¶®‡ßç‡¶ü‡ßá‡¶∞ ‡¶¶‡ßç‡¶¨‡¶æ‡¶∞‡¶∏‡ßç‡¶• ‡¶π‡¶≤‡ßá ‡¶ü‡¶æ‡¶ï‡¶æ‡¶ì ‡¶¨‡¶æ‡¶ö‡¶¨‡ßá, ‡¶Æ‡ßá‡¶ß‡¶æ‡¶ì ‡¶Ü‡¶∏‡¶¨‡ßá‡•§"", ""MD Azizul Islam"": ""Why should not we use him as a bowler coach of BD Cricket team.... ???? ..  I Think he is capable and deserve this post.1 ¬∑ "", ""Md Salim Mollah"": ""‡¶¨‡¶∞‡ßç‡¶§‡¶Æ‡¶æ‡¶®‡ßá‡¶∞ ‡¶∏‡ßç‡¶™‡¶ø‡¶®‡¶æ‡¶∞‡¶¶‡ßá‡¶∞ ‡¶§‡ßÅ‡¶≤‡¶®‡¶æ‡ßü ‡¶Ö‡¶®‡ßá‡¶ï ‡¶≠‡¶æ‡¶≤‡ßã ‡¶õ‡¶ø‡¶≤, ‡¶´‡¶∞‡ßç‡¶Æ ‡¶•‡¶æ‡¶ï‡¶§‡ßá‡¶á ‡¶∏‡¶∞‡¶ø‡ßü‡ßá ‡¶¶‡¶ø‡ßü‡ßá‡¶õ‡¶ø‡¶≤ ‡¶§‡¶æ‡¶ï‡ßá, ‡¶¨‡¶æ‡¶Ç‡¶≤‡¶æ‡¶¶‡ßá‡¶∂ ‡¶¨‡¶≤‡ßá ‡¶ï‡¶•‡¶æ!"", ""Syed Wajid Hussain Jan"": ""Oh my dear M Rafique Bhai May Allah Pak bless you . A person with a unique bowling action and a brutal batsman sometimes üíìüíì"", ""Remon Shikder"": ""What BCB did for this great player?1 ¬∑ "", ""Ohona Islam"": ""Vishon valolagar ekjon manush"", ""Arif Ahmed"": ""Cricket r Football shaho onnano kheladhulai amader valo korte habe"", ""Shams Rasheed Joy"": ""He even fielded like a Tiger. The way he used to cover for up to fine leg while taking position in third man and vice versa, was a treat to the eyes watching from International Gallery of Bangabandhu Stadium.1 ¬∑ ""}","{""Shakibul Islam Shakib"": ""https://www.facebook.com/sharier.ayan?eav=AfYNh0dT1S50c5DUg8Y_4CIGXqX-8_gChNOlr1B_DxzqjmaaOUvHNy8-c76uUMUEI5M&rc=p&paipv=0"", ""Zakarya Ahmed Almalah"": ""https://www.facebook.com/profile.php?id=100012900078754&eav=AfZAnzYChR8agYEsaSG7r2LaK_fKhkv6T2VswuaHW-DGsUfhyc0bSe7sUGPLaPOBJMo&rc=p&paipv=0"", ""Samiul Hasan Powel"": ""https://www.facebook.com/samiul.powel.1683?eav=Afaq2dVP8hlEKNVawIuHqZyJ1OFZNAx1iNMpLCiVJoLn8_ZaAR6n7pyb7RQC5xLy1nc&paipv=0"", ""Farhan Siam Chowdhury"": ""https://www.facebook.com/rockmachine22?eav=AfYpRnWcV17qaUW7kZFm-pyROBCyqGMpD4JrLTjxfiopX-1g_qY8RBWv4cxigU5n3jo&paipv=0"", ""Sneha Salam"": ""https://www.facebook.com/sneha.salam.50?eav=AfaTtsVJlRtkfdWaqirCPIopGVepiwxA87skcrjsCgegIZs1P12TGbdlY9xraAxy3BY&paipv=0"", ""Raiyaan Ehab Shams"": ""https://www.facebook.com/profile.php?id=100007360386665&eav=AfZWYSyFbQvo4huM-B9YnTHv1oHblOLioJJUY8sjvxGUSUbAnFTN9omgc62MM5PEDTo&paipv=0"", ""Nusaiba Juairia Siddiqui"": ""https://www.facebook.com/nusaibajuairia.siddiqui.3?eav=AfZ49XQwqwI75d8uB4WZ9PpYLNooTJM0_A7YdUfxiztgdzNBACFdI40GNklVfG9GYBk&paipv=0"", ""Lenah Mehzabin"": ""https://www.facebook.com/prieta.mehzabin?eav=Afanb2x8JxJwj42HEyUfZ8FTgwuINqYwEiu8wCXG6ko-vLud1fFYk8JC8bAxWooWZSk&paipv=0"", ""Amit Golam Mostafa"": ""https://www.facebook.com/Ams3Q?eav=AfbgUp2WJxVHxOmxtbEhJzVgGMDlO35W7LvGB3yFZz-m6ZoLv790KV3R3VBeO1xaHc8&paipv=0"", ""Farzin Ahmed"": ""https://www.facebook.com/fia.farzin?eav=AfYWyo1KsStlTAv2v0HvbkoH0UBHbS2MMlySw_pqatXts2CqQ167FTJIlrf3BVcJox8&paipv=0"", ""Yuki Rahman"": ""https://www.facebook.com/fizah.ailiya?eav=AfaNx0L20w5TkgsofWsOGWd4sFbKgG_7hk5Tqq4qzpEWpfvhfhnuXCB2ebEmmh5QoOA&paipv=0"", ""Kadir Sorkar"": ""https://www.facebook.com/profile.php?id=100010300812521&eav=Afa-wBNUa8yLTswyVoPAVElTyvnB5JR0fcpCcLHr0_WT2mvYFXVwkYXRq5MtIN63TBc&paipv=0"", ""Md Eusuf Ali"": ""https://www.facebook.com/eusuf.ali6463?eav=AfYpIT5wk-lqvHaoKpCd8Kewo81GbBo8yTjhffblsc2I3rbL4rTArOu5tFtTuHWjh5Y&paipv=0"", ""Ariful Islam Kajol"": ""https://www.facebook.com/profile.php?id=100002557758454&eav=AfYwJ8WH18FuEiqCXtbXhOIYc1QxLt3pF5EDCBewRiw3Tgv4MKMu-oedXV5k0TODpdw&paipv=0"", ""Md Arif Khan"": ""https://www.facebook.com/1234567890.arif.99?eav=AfY1vS7KPqQ-QIcaOEHqi00iBi2t0WU31AxZJaxfoSI59V2xwz1BtvS13l92xnzxADQ&paipv=0"", ""Si Selim"": ""https://www.facebook.com/si.selim.5?eav=Afb4sj3_ai3WDDl-rjf4rNjMq3w4Cj3N2ArbwelgJhxggQ9eYQ_Oj_9OcrLtNu0MuMA&paipv=0"", ""Nausheen Rahman Nommy"": ""https://www.facebook.com/nnr20064?eav=AfYeEx6JYIPQinChMevEMIFxo9p3Hlhpok8_w4Gk3eqGfnYe6JJ05pKVOsYMTW2dNek&paipv=0"", ""Rofiqul Azad"": ""https://www.facebook.com/rofiqul.azad.3?eav=AfbZguB7igAuC8uTC6R0QICosD4pwftNFXsl3zs6xTjyET1S9xCudk8JTtV1KiJGAtE&rc=p&paipv=0"", ""Ahanaf Omer"": ""https://www.facebook.com/ahanaf.omer.1?eav=AfbxTbvOGb6sBv18trnyNNoC3XlZO5MJomiwzhXmHtu0wyGCbZX6xO1Q-igxdeNtKMI&rc=p&paipv=0"", ""AsiBuL AsIF"": ""https://www.facebook.com/asibulhasan.aronno?eav=AfYgY2PPV_-7pREfR5uUwXAVmcnTQs5NjguHP-oqFHUb3USZebHhyWT9YCqIwK48UmU&rc=p&paipv=0"", ""Lakshitha Vie"": ""https://www.facebook.com/lakshitha.madushan.18?eav=Afa3cpcutypoKM1kIitf1EHG7OJpYZ5QG8vSfXyHY7YyEhi_EqIjjUke3e_BWn-7xxY&rc=p&paipv=0"", ""Saduni Himasha Sadu"": ""https://www.facebook.com/isuru.madushan.37017794?eav=AfammYbIYlzM4jvrGQAlBsCsNvYsucxWk8PYEMyZSbxGjl27MtX9PlqC8T_6OPACD_M&rc=p&paipv=0"", ""Giyas Sany"": ""https://www.facebook.com/ahmed.sany.79?eav=AfYuErrTmH5RJYmKLrWHb1fzl7H7ZfNmHwpLlEFlUci2M0hs40mAavIzuy4oSjQUnag&rc=p&paipv=0"", ""Shashika Madushan"": ""https://www.facebook.com/shashika.madushan.5477?eav=AfZFnKoE-JqIaez9SMdu_OlVzOuTd-xGQQRp3qPWSKc6gGxbddhe9m9n1BUsPlhCf7Q&rc=p&paipv=0"", ""Faruk Afsaruddin"": ""https://www.facebook.com/faruk.afsaruddin?eav=AfaAFljxiiPn44pXjga6rRW4KHOqkUf6v3_DySaqD9N0ZebRfULNqr5mm6lv7w1y2wQ&rc=p&paipv=0"", ""Nazim Ahmed"": ""https://www.facebook.com/profile.php?id=100006641496066&eav=AfYunqSq4lTVJ0noDiDLpY3zlRmt2kLFuTcY3GZQfSip3LjXt-x1AUY1VsQ2zpMRzz4&rc=p&paipv=0"", ""Krishibid Maruf Hasan Sonet"": ""https://www.facebook.com/marufhasan.marufhasan.7796?eav=Afa6R3QBLzO9w1e7vI69kvnit_E7m98WaVjSL3O6uk5gspWmXeAzCyp3aaMcUPFf1LM&rc=p&paipv=0"", ""Shimul Bhaiyu"": ""https://www.facebook.com/mohammed.shimul.503?eav=Afaou0HebUKVOhmPDIDcNZBe0CshLQn9jRJn4VzUjQKFbQHRDLWM9mb-RPq-HDfj7MU&rc=p&paipv=0"", ""‡¶§‡¶æ‡¶®‡¶∏‡ßÄ‡¶Æ‡¶æ ‡¶ú‡¶æ‡¶®‡ßç‡¶®‡¶æ‡¶§"": ""https://www.facebook.com/tanrhima.jannat?eav=Afbpg-XhOUsfmRG6zKMlK6pqClca8o-L7k-7RZy3wbnEG-eyk4B2qHEUKTTULlkU7s4&rc=p&paipv=0"", ""Naeim Islam"": ""https://www.facebook.com/Naeim7135?eav=AfYrwH_T0r9413ywJEdPzItQiW5prX_iWEws0X6Rkgcq5A0A_iWrzo0_Cb38y6hxYOI&rc=p&paipv=0"", ""Mahedi Hasan"": ""https://www.facebook.com/profile.php?id=100057948110996&eav=AfZQyF2QXf9vFDtcWgAE5-Cd4CXERV9C469Fw7GkRtfjrcMxVMChWVxQPDVBtuGRE5Q&rc=p&paipv=0"", ""MD Milon"": ""https://www.facebook.com/profile.php?id=100037343449315&eav=AfbKS09aeZewi1Fouv3rqjtOd8sm3ggWWrQiU2A0xnIwh0zezcVhcBBWl6i4khFICDo&rc=p&paipv=0"", ""Sajal Das"": ""https://www.facebook.com/profile.php?id=100024419121545&eav=AfaEfGCgmGPuBC3kw4CY-PQbRXvZ4Jz_zAa714X8lk9yuJL5F7aXl0KdlFX589-edQw&rc=p&paipv=0"", ""Mahabubul Hassan Mijan"": ""https://www.facebook.com/profile.php?id=100039043193195&eav=Afa2ugF0Vt60u_wHfOH2Ccc0XVr_aqBt84Ha7JkP0Frv42fxyS3CLfsPEiv0hlaWTs4&rc=p&paipv=0"", ""Uzzal Roy"": ""https://www.facebook.com/shafaly.ray?eav=AfYNdDMslDw8TcJR-KLxLB5Uw5M7ocwoein1DJM4RRbPo4kl832TYr5WHhulhlCiIGA&rc=p&paipv=0"", ""Muttakin Ahmed"": ""https://www.facebook.com/villainmuttakin?eav=Afai0FEPpoB24tNH8f1AmBrADpRbtEudALpgAlMlxoDcXfNt6Tm1u46-9yq8A_mgGus&rc=p&paipv=0"", ""MiNhaJuL HoQue Shaon"": ""https://www.facebook.com/minhajulhoque.shaon?eav=Afa9jlNsQ1GoH-0xTWL8VFAdCTS_u0OETf_WZJzmBKnBpwH5Y-4BGSirz6ftJw6GJEw&rc=p&paipv=0"", ""AF Mohammad"": ""https://www.facebook.com/af.mohammad.12?eav=Afag1KBwAm-1hVll886vyHsRw9f4ah-R2GvcNqAWEiRunbJhTNTsJ6F1xhMDBKZtHXc&rc=p&paipv=0"", ""Mehedi Hasan"": ""https://www.facebook.com/profile.php?id=100039921039002&eav=AfYaC4hVdazAxU0Ex9pLG09iT2F7bHsKaZTzMtb6e-Tvsyqv46xp3Tyvzafh9fWDHw4&rc=p&paipv=0"", ""Sadat Sayem"": ""https://www.facebook.com/msayemm?eav=AfaTUWe1gAs4M2eBVZvRhlmDPw0KVXXYxKXT9f-DLlBmsbrGI1zU8-5ODWgz5b0O00c&rc=p&paipv=0"", ""Faridul Alam Faridul Alam"": ""https://www.facebook.com/faridulalam.faridulalam.1884?eav=AfbFHiVN6cRO8B6hYgFPIPkCaU03TR7y18vPBE8yhxt1LEGmimvU1BXpxRnioxy_Ffg&rc=p&paipv=0"", ""Dawood Arman"": ""https://www.facebook.com/dawood.arman?eav=AfaMY_7fAR-1sPTloS63EY4z8D4t-GuBQ_n2CPSZakOMNvzf4Eh4agnnNoF4BTPpnfg&rc=p&paipv=0"", ""MD Azizul Islam"": ""https://www.facebook.com/mdazizul.islam.5?eav=Afaw83CE_y89X2KK-C0x-4awZTXin3vGbora6KgFtNdU-H1etQ3TO8sQxvY1quh1ZMM&rc=p&paipv=0"", ""Md Salim Mollah"": ""https://www.facebook.com/profile.php?id=100013071909725&eav=AfaiWOrN50Yh8lGLUVSl28Z2-mYNna2ngroMJU4Ocem_Rf3YjqHOfV3qpuJrX8IZwIE&rc=p&paipv=0"", ""Syed Wajid Hussain Jan"": ""https://www.facebook.com/syedwajidhussain.jan1?eav=AfYoHCji8950DPxtA0rO-vIkpksEsmnL1CnuleXSuj4cQiDEqAE4vmXyzeqZYdXr_Mc&rc=p&paipv=0"", ""Remon Shikder"": ""https://www.facebook.com/remon.shikder?eav=Afb4iuWydEe1a1JmpeHzZMs9vL9qSPHYBgx4A3uwj-0GZa1KFV244bVRfCYwOPLuO8k&rc=p&paipv=0"", ""Ohona Islam"": ""https://www.facebook.com/profile.php?id=100010901643686&eav=AfbxsjCxDR8BsuVsAKPd5AgOAzycpHy7r_O22Z1f733cElQXk8xZnLNEqxyAeIoaw9o&rc=p&paipv=0"", ""Arif Ahmed"": ""https://www.facebook.com/arifahmedsdfa?eav=AfYf6pqQy0u9uQAS7Jyg3B4Wmu_WpLXz-RBI1tJo6bTrlIUET1pfb0Dp-zEmnALCP0c&rc=p&paipv=0"", ""Shams Rasheed Joy"": ""https://www.facebook.com/shams.rasheed?eav=AfbfW0BUgJk1wYtIeSzRuQs7wT6P9DjRO7lTJGY9xkdIqU2ggZ5FI4c6esNHSvplSFM&rc=p&paipv=0""}"
